Cluster 1/45 connectivity between C_ROI_PaCiG_l and C_ROI_PreCG_r at Go_single,Cluster 1/45 connectivity between C_ROI_FP_l and C_ROI_PreCG_r at Go_single,Cluster 1/45 connectivity between C_ROI_PaCiG_r and C_ROI_PreCG_r at Go_single,Cluster 1/45 connectivity between C_ROI_SFG_l and C_ROI_FP_l at Go_single,Cluster 1/45 connectivity between C_ROI_PaCiG_l and C_ROI_SFG_r at Go_single,Cluster 1/45 connectivity between C_ROI_PaCiG_l and C_ROI_MidFG_r at Go_single,Cluster 1/45 connectivity between C_ROI_PaCiG_r and C_ROI_FP_l at Go_single,Cluster 1/45 connectivity between C_ROI_PaCiG_r and C_ROI_SFG_l at Go_single,Cluster 1/45 connectivity between C_ROI_PaCiG_l and C_ROI_FP_l at Go_single,Cluster 1/45 connectivity between C_ROI_SFG_r and C_ROI_FP_l at Go_single,Cluster 1/45 connectivity between C_ROI_SFG_l and C_ROI_FP_r at Go_single,Cluster 1/45 connectivity between C_ROI_PaCiG_r and C_ROI_SFG_r at Go_single,Cluster 1/45 connectivity between C_ROI_SFG_l and C_ROI_PreCG_r at Go_single,Cluster 1/45 connectivity between C_ROI_SFG_l and C_ROI_aSMG_l at Go_single,Cluster 1/45 connectivity between C_ROI_SFG_r and C_ROI_PreCG_r at Go_single,Cluster 1/45 connectivity between C_ROI_FP_l and C_ROI_MidFG_r at Go_single,Cluster 1/45 connectivity between C_ROI_SFG_l and C_ROI_SFG_r at Go_single,Cluster 1/45 connectivity between C_ROI_FP_r and C_ROI_PreCG_r at Go_single,Cluster 1/45 connectivity between C_ROI_SFG_l and C_ROI_aSMG_r at Go_single,Cluster 1/45 connectivity between C_ROI_SFG_l and C_ROI_MidFG_r at Go_single,Cluster 1/45 connectivity between C_ROI_PaCiG_l and C_ROI_aSMG_r at Go_single,Cluster 1/45 connectivity between C_ROI_PaCiG_l and C_ROI_PaCiG_r at Go_single,Cluster 1/45 connectivity between C_ROI_PaCiG_l and C_ROI_SFG_l at Go_single,Cluster 1/45 connectivity between C_ROI_SFG_r and C_ROI_aSMG_l at Go_single,Cluster 1/45 connectivity between C_ROI_PaCiG_l and C_ROI_aSMG_l at Go_single,Cluster 1/45 connectivity between C_ROI_PaCiG_r and C_ROI_MidFG_r at Go_single,Cluster 1/45 connectivity between C_ROI_aSMG_l and C_ROI_PreCG_r at Go_single,Cluster 1/45 connectivity between C_ROI_PaCiG_r and C_ROI_aSMG_r at Go_single,Cluster 1/45 connectivity between C_ROI_SFG_r and C_ROI_aSMG_r at Go_single,Cluster 1/45 connectivity between C_ROI_PaCiG_l and C_ROI_FP_r at Go_single,Cluster 2/45 connectivity between C_ROI_PaCiG_l and C_ROI_SPL_l at Go_single,Cluster 2/45 connectivity between C_ROI_PaCiG_l and C_ROI_SPL_r at Go_single,Cluster 2/45 connectivity between C_ROI_PaCiG_l and C_ROI_pSMG_l at Go_single,Cluster 2/45 connectivity between C_ROI_PaCiG_l and C_ROI_pSMG_r at Go_single,Cluster 2/45 connectivity between C_ROI_PaCiG_r and C_ROI_SPL_l at Go_single,Cluster 2/45 connectivity between C_ROI_SFG_r and C_ROI_SPL_l at Go_single,Cluster 2/45 connectivity between C_ROI_MidFG_r and C_ROI_pSMG_r at Go_single,Cluster 2/45 connectivity between C_ROI_MidFG_r and C_ROI_SPL_l at Go_single,Cluster 2/45 connectivity between C_ROI_MidFG_r and C_ROI_SPL_r at Go_single,Cluster 2/45 connectivity between C_ROI_SFG_l and C_ROI_SPL_l at Go_single,Cluster 2/45 connectivity between C_ROI_SFG_l and C_ROI_pSMG_r at Go_single,Cluster 2/45 connectivity between C_ROI_PreCG_r and C_ROI_SPL_l at Go_single,Cluster 2/45 connectivity between C_ROI_FP_r and C_ROI_SPL_l at Go_single,Cluster 2/45 connectivity between C_ROI_SFG_l and C_ROI_SPL_r at Go_single,Cluster 2/45 connectivity between C_ROI_SFG_l and C_ROI_pSMG_l at Go_single,Cluster 2/45 connectivity between C_ROI_PaCiG_r and C_ROI_SPL_r at Go_single,Cluster 2/45 connectivity between C_ROI_SFG_r and C_ROI_pSMG_r at Go_single,Cluster 2/45 connectivity between C_ROI_FP_l and C_ROI_SPL_l at Go_single,Cluster 2/45 connectivity between C_ROI_FP_l and C_ROI_SPL_r at Go_single,Cluster 2/45 connectivity between C_ROI_MidFG_r and C_ROI_pSMG_l at Go_single,Cluster 2/45 connectivity between C_ROI_aSMG_l and C_ROI_SPL_l at Go_single,Cluster 2/45 connectivity between C_ROI_SFG_r and C_ROI_SPL_r at Go_single,Cluster 2/45 connectivity between C_ROI_FP_r and C_ROI_SPL_r at Go_single,Cluster 2/45 connectivity between C_ROI_SFG_r and C_ROI_pSMG_l at Go_single,Cluster 2/45 connectivity between C_ROI_FP_l and C_ROI_pSMG_r at Go_single,Cluster 3/45 connectivity between C_ROI_PreCG_l and C_ROI_FP_r at Go_single,Cluster 3/45 connectivity between C_ROI_PreCG_l and C_ROI_SFG_r at Go_single,Cluster 3/45 connectivity between C_ROI_SMA_r and C_ROI_FP_l at Go_single,Cluster 3/45 connectivity between C_ROI_SMA_r and C_ROI_SFG_l at Go_single,Cluster 3/45 connectivity between C_ROI_SMA_r and C_ROI_SFG_r at Go_single,Cluster 3/45 connectivity between C_ROI_SMA_l and C_ROI_FP_l at Go_single,Cluster 3/45 connectivity between C_ROI_PreCG_l and C_ROI_FP_l at Go_single,Cluster 3/45 connectivity between C_ROI_SMA_r and C_ROI_MidFG_r at Go_single,Cluster 3/45 connectivity between C_ROI_SMA_r and C_ROI_FP_r at Go_single,Cluster 3/45 connectivity between C_ROI_SMA_r and C_ROI_PaCiG_r at Go_single,Cluster 3/45 connectivity between C_ROI_PreCG_l and C_ROI_PaCiG_r at Go_single,Cluster 3/45 connectivity between C_ROI_PreCG_l and C_ROI_aSMG_l at Go_single,Cluster 3/45 connectivity between C_ROI_SMA_l and C_ROI_SFG_r at Go_single,Cluster 3/45 connectivity between C_ROI_SMA_l and C_ROI_FP_r at Go_single,Cluster 3/45 connectivity between C_ROI_SMA_l and C_ROI_SFG_l at Go_single,Cluster 3/45 connectivity between C_ROI_PreCG_l and C_ROI_SFG_l at Go_single,Cluster 4/45 connectivity between C_ROI_iLOC_l and C_ROI_SFG_l at Go_single,Cluster 4/45 connectivity between C_ROI_iLOC_l and C_ROI_SFG_r at Go_single,Cluster 4/45 connectivity between C_ROI_iLOC_l and C_ROI_aSMG_l at Go_single,Cluster 4/45 connectivity between C_ROI_iLOC_l and C_ROI_PaCiG_r at Go_single,Cluster 4/45 connectivity between C_ROI_iLOC_l and C_ROI_PreCG_r at Go_single,Cluster 4/45 connectivity between C_ROI_iLOC_l and C_ROI_MidFG_r at Go_single,Cluster 4/45 connectivity between C_ROI_TOFusC_l and C_ROI_SFG_l at Go_single,Cluster 5/45 connectivity between C_ROI_PaCiG_l and C_ROI_sLOC_r at Go_single,Cluster 5/45 connectivity between C_ROI_PaCiG_l and C_ROI_sLOC_l at Go_single,Cluster 5/45 connectivity between C_ROI_PreCG_r and C_ROI_MidFG_l at Go_single,Cluster 5/45 connectivity between C_ROI_PaCiG_r and C_ROI_sLOC_r at Go_single,Cluster 5/45 connectivity between C_ROI_PaCiG_r and C_ROI_MidFG_l at Go_single,Cluster 5/45 connectivity between C_ROI_PaCiG_l and C_ROI_MidFG_l at Go_single,Cluster 5/45 connectivity between C_ROI_MidFG_r and C_ROI_MidFG_l at Go_single,Cluster 5/45 connectivity between C_ROI_PaCiG_l and C_ROI_IFGoper_l at Go_single,Cluster 5/45 connectivity between C_ROI_SFG_r and C_ROI_MidFG_l at Go_single,Cluster 5/45 connectivity between C_ROI_aSMG_l and C_ROI_MidFG_l at Go_single,Cluster 5/45 connectivity between C_ROI_aSMG_r and C_ROI_MidFG_l at Go_single,Cluster 5/45 connectivity between C_ROI_PaCiG_r and C_ROI_IFGoper_l at Go_single,Cluster 5/45 connectivity between C_ROI_PaCiG_r and C_ROI_sLOC_l at Go_single,Cluster 5/45 connectivity between C_ROI_SFG_l and C_ROI_MidFG_l at Go_single,Cluster 5/45 connectivity between C_ROI_FP_r and C_ROI_IFGoper_l at Go_single,Cluster 5/45 connectivity between C_ROI_FP_l and C_ROI_MidFG_l at Go_single,Cluster 5/45 connectivity between C_ROI_MidFG_r and C_ROI_sLOC_r at Go_single,Cluster 6/45 connectivity between C_ROI_MidFG_l and C_ROI_pSMG_r at Go_single,Cluster 6/45 connectivity between C_ROI_MidFG_l and C_ROI_SPL_r at Go_single,Cluster 6/45 connectivity between C_ROI_MidFG_l and C_ROI_SPL_l at Go_single,Cluster 6/45 connectivity between C_ROI_MidFG_l and C_ROI_AG_r at Go_single,Cluster 6/45 connectivity between C_ROI_MidFG_l and C_ROI_pSMG_l at Go_single,Cluster 6/45 connectivity between C_ROI_IFGoper_l and C_ROI_pSMG_l at Go_single,Cluster 6/45 connectivity between C_ROI_IFGoper_l and C_ROI_SPL_r at Go_single,Cluster 7/45 connectivity between C_ROI_Cereb6_r and C_ROI_SFG_r at Go_single,Cluster 8/45 connectivity between C_ROI_Cereb1_l and C_ROI_MidFG_l at Go_single,Cluster 8/45 connectivity between C_ROI_Cereb1_l and C_ROI_sLOC_l at Go_single,Cluster 8/45 connectivity between C_ROI_Cereb1_l and C_ROI_IFGoper_l at Go_single,Cluster 8/45 connectivity between C_ROI_Cereb6_l and C_ROI_MidFG_l at Go_single,Cluster 9/45 connectivity between C_ROI_SMA_r and C_ROI_MidFG_l at Go_single,Cluster 10/45 connectivity between C_ROI_SMA_r and C_ROI_SPL_l at Go_single,Cluster 10/45 connectivity between C_ROI_SMA_r and C_ROI_pSMG_l at Go_single,Cluster 10/45 connectivity between C_ROI_SMA_l and C_ROI_SPL_l at Go_single,Cluster 12/45 connectivity between C_ROI_Cereb1_l and C_ROI_SPL_l at Go_single,Cluster 12/45 connectivity between C_ROI_Cereb1_l and C_ROI_pSMG_l at Go_single,Cluster 12/45 connectivity between C_ROI_Cereb6_l and C_ROI_SPL_l at Go_single
1.000465,0.679984,1.105247,0.974539,0.819211,0.919830,0.848963,1.361619,0.952399,0.731916,1.200766,1.091049,1.155638,0.541049,1.065941,0.924639,1.045430,0.679585,0.942689,1.281441,0.769102,1.602219,1.288664,0.324155,0.604192,1.149439,0.506732,0.665024,0.544093,0.811553,0.771908,0.756866,0.720141,0.821828,0.731822,0.624227,0.651432,0.786429,0.555362,0.882396,0.793002,0.701455,0.708279,0.850611,0.768416,0.705732,0.518976,0.822183,0.529802,0.743081,1.216980,0.478315,0.470562,0.584107,0.926041,0.878541,0.727338,0.460866,0.714528,1.030100,0.692618,0.737548,0.878771,0.605434,0.972177,1.006367,0.383094,0.905704,0.833339,1.074071,0.951694,0.517270,0.514135,0.031511,0.419128,0.672919,0.461633,0.569988,0.662754,0.714419,1.169077,0.642344,1.229820,1.112711,1.516007,1.122614,1.280790,0.421961,0.814154,1.230808,0.672644,1.495442,0.798818,1.146766,0.800194,0.704214,0.694357,0.756774,0.820411,0.811449,0.865771,1.065702,0.585911,0.517489,0.323554,0.306669,0.509038,0.864278,0.430288,0.318895,0.650735,0.021641,0.209228,0.068918
0.515793,1.014842,0.658367,0.459522,0.060814,0.515091,0.591118,0.317990,0.525877,0.180104,0.153640,0.033229,0.220647,0.434826,0.216958,1.044511,0.816563,0.893607,0.320071,0.409075,0.457378,1.274008,0.499109,0.132964,0.509631,0.749613,1.058067,0.519237,0.173382,0.255737,0.644505,0.485572,0.476651,0.418537,0.754520,0.220615,1.136736,0.914452,1.447776,0.539193,0.339578,0.975274,0.602956,0.444821,0.194931,0.732357,0.228452,0.844773,0.729823,0.839955,1.201971,0.425387,0.670407,-0.055313,0.929983,0.698957,0.108788,0.669941,0.136022,-0.160402,0.667200,0.625322,0.308282,0.517464,0.489117,0.017482,0.765851,-0.042311,0.553425,0.198464,0.226184,-0.088942,-0.126157,0.403257,0.435737,0.717651,0.475212,-0.054986,0.297668,0.667608,0.613490,0.452983,0.849631,0.855014,0.958476,0.963788,0.318451,0.782116,0.546902,1.024547,0.697457,0.823616,0.267145,0.951172,0.600907,0.684745,0.750614,0.990173,0.690424,0.816636,0.521309,0.736500,0.286591,-0.002999,-0.477678,0.042471,-0.195576,0.377875,0.413499,0.589694,0.501341,0.162340,0.236220,-0.105256
0.688353,0.772037,0.490624,0.878888,0.570319,0.532613,0.405631,0.440078,0.323272,1.005447,0.650504,0.449607,1.083890,0.826087,1.239298,0.969490,1.549829,0.656040,0.584957,1.103198,0.546157,0.796784,0.691780,0.715057,0.735740,0.549598,0.935164,0.236999,0.549158,0.285869,0.784725,0.538838,0.684611,0.720608,0.463863,1.104692,0.731897,1.070862,0.850527,1.258024,0.766419,1.183744,0.631746,0.800924,1.304262,0.550828,0.741093,0.867351,0.829902,0.993348,1.121428,0.770290,0.713661,1.121321,0.628687,0.541048,0.979850,0.414688,0.628922,0.665657,0.168908,0.771072,0.335161,0.094434,0.634783,0.541356,0.621953,0.352418,-0.123688,0.403316,0.953122,0.230802,0.384948,0.189315,0.177995,0.368506,0.244971,0.326095,0.755873,0.514648,1.141155,0.451840,0.467147,0.761601,1.293267,0.757450,1.304440,0.797486,0.442946,0.464408,-0.082046,1.419031,0.623451,0.957452,0.883243,0.774693,0.797415,1.235837,0.531833,1.080280,1.000779,0.797094,0.373231,0.613059,-0.007286,0.636772,0.445327,0.505335,0.589757,0.634115,0.313663,0.651052,0.584196,0.463732
0.715946,-0.339085,0.909480,-0.214504,-0.044606,-0.054191,-0.565827,0.763629,-0.326497,0.561188,0.266350,-0.002361,1.062124,0.719361,0.203831,0.614910,0.292531,0.314462,0.440389,0.137749,0.382602,0.946899,0.882910,0.331009,0.520017,-0.112838,1.207122,0.352837,0.387278,0.190951,0.092728,-0.161172,-0.076249,-0.058653,0.151156,0.254519,0.502359,0.627582,0.613276,0.162598,-0.004675,0.383715,0.218709,-0.249616,-0.088311,-0.353667,0.502970,0.516353,1.139170,0.530964,0.600488,0.295881,0.306891,0.176615,0.705754,0.224036,0.260200,-0.614827,0.977225,0.154946,-0.724466,-0.466533,-0.092949,0.265933,1.281037,0.777696,0.647484,0.039908,0.128787,0.749969,0.508422,0.018078,0.197297,0.284934,-0.115264,0.011290,0.243498,0.197198,-0.342368,-0.243697,0.209977,-0.765487,0.061686,0.146433,0.524647,0.397272,0.161289,0.326599,0.261047,0.374625,-0.569566,0.174889,0.062418,0.565275,0.523944,0.671691,0.779193,0.851124,0.531498,0.875396,0.470306,0.303193,0.286814,0.193932,0.166452,0.094234,0.071992,-0.126327,0.019725,-0.122667,-0.058543,0.156888,0.086819,0.049759
0.867307,0.840316,0.885625,1.273065,0.776312,0.900657,0.595733,0.861077,0.649746,0.968298,0.694547,0.984149,1.146068,0.159002,1.114273,0.911108,1.444451,0.651828,0.419877,1.053609,0.239766,1.368759,0.849827,0.065087,0.136620,0.898989,0.082516,0.031487,0.285230,0.376669,0.472234,0.442759,0.704425,0.597750,0.325609,0.625739,0.629706,0.385519,0.559177,0.847867,0.692088,0.623031,0.678080,0.484206,1.141796,0.300174,0.681827,0.761038,0.406493,0.896360,0.806268,0.484436,0.313392,0.974362,0.585981,0.346733,0.268889,0.625301,0.717578,0.832385,0.630649,0.378817,0.518115,0.601577,0.857263,0.217654,1.111903,0.554338,0.588633,0.616273,0.359377,0.118856,0.059843,0.495311,-0.292226,0.272685,0.024549,-0.003718,0.225050,0.444773,0.832251,0.030901,0.991366,1.097806,1.090867,0.834498,1.086629,0.085677,0.303310,0.832646,0.243966,1.342587,0.438407,1.089051,0.439073,0.692023,0.372938,0.644000,0.372239,1.064187,1.055385,0.404153,-0.161487,0.121952,0.113580,0.286226,-0.161270,0.519924,0.381457,0.530719,0.524934,0.097920,0.078781,0.178180
0.612889,0.263903,0.528019,1.034487,0.618878,0.555404,0.701805,0.747732,0.511003,0.805779,0.615245,0.887099,0.590199,0.799022,0.596328,0.192166,1.088877,0.263372,0.544733,0.631723,0.443249,0.934692,0.657360,0.692509,0.712287,0.600986,1.130359,0.500726,0.469240,0.390599,0.299509,0.087905,0.452519,0.307132,0.186627,0.340480,1.107405,0.907988,0.828350,0.536200,0.347333,0.694404,0.036841,0.391412,0.181607,0.025833,0.286269,0.111341,0.063147,0.811624,0.959108,0.257687,-0.085483,0.137965,0.013673,0.443666,0.794008,0.590416,0.803817,0.867748,0.803265,0.330048,0.698269,0.448445,1.040017,0.450433,0.793022,0.861912,0.796059,0.780034,0.709906,0.220198,0.191666,0.468346,0.128742,0.664146,0.635845,0.222523,0.187739,0.307991,0.307655,0.040648,0.462821,0.575174,0.692405,0.346776,0.276390,0.521719,0.358120,0.192225,0.077636,0.507871,-0.080209,0.313996,0.728889,0.627059,0.343158,0.426769,0.693818,0.828045,1.017373,0.466513,0.331803,0.178819,-0.062600,0.242706,0.030517,0.397181,0.383773,0.465600,0.278392,-0.082286,0.348464,-0.103473
0.612146,0.486909,0.694616,0.725516,0.767785,0.804838,0.692008,1.274638,0.797334,0.772337,0.711864,0.918304,0.945894,0.871216,0.984937,0.827998,1.166026,0.385766,0.922401,1.022163,0.620989,1.252365,1.106618,0.776964,0.819809,0.780021,0.600215,0.804301,0.720786,0.524445,0.788908,0.384302,0.533905,0.596367,0.758279,0.808191,0.743047,1.085102,0.328575,0.906760,0.513483,0.643542,0.786023,0.110925,0.442670,0.226492,0.405739,1.108491,0.230669,0.681556,1.302353,0.055846,0.047023,0.377575,0.838334,0.542868,0.673386,0.745388,1.065574,1.039316,0.847419,0.515606,0.792838,0.613477,1.003084,0.900252,0.749375,0.868816,0.599993,1.596202,1.292406,0.012674,0.092373,0.110378,0.019353,0.379661,0.203980,-0.145012,0.253796,0.350550,0.234314,0.360343,0.282183,0.526783,0.587415,0.427366,0.252694,0.451774,0.494842,0.095415,0.309350,0.418326,-0.201927,0.553186,0.648047,0.754164,0.526319,0.736001,0.678661,0.939775,0.352026,0.509265,0.139341,0.268892,-0.112640,0.060469,0.145450,0.169752,0.600728,0.248268,0.886200,0.136349,0.107678,0.186704
NaN,NaN,NaN,NaN,NaN,NaN,NaN,NaN,NaN,NaN,NaN,NaN,NaN,NaN,NaN,NaN,NaN,NaN,NaN,NaN,NaN,NaN,NaN,NaN,NaN,NaN,NaN,NaN,NaN,NaN,NaN,NaN,NaN,NaN,NaN,NaN,NaN,NaN,NaN,NaN,NaN,NaN,NaN,NaN,NaN,NaN,NaN,NaN,NaN,NaN,NaN,NaN,NaN,NaN,NaN,NaN,NaN,NaN,NaN,NaN,NaN,NaN,NaN,NaN,NaN,NaN,NaN,NaN,NaN,NaN,NaN,NaN,NaN,NaN,NaN,NaN,NaN,NaN,NaN,NaN,NaN,NaN,NaN,NaN,NaN,NaN,NaN,NaN,NaN,NaN,NaN,NaN,NaN,NaN,NaN,NaN,NaN,NaN,NaN,NaN,NaN,NaN,NaN,NaN,NaN,NaN,NaN,NaN,NaN,NaN,NaN,NaN,NaN,NaN
0.464222,0.158875,0.459087,0.340232,0.889381,0.541153,0.175992,0.591466,0.284648,0.419110,0.322831,0.924128,0.567560,0.539488,0.755283,0.312446,0.909189,0.123474,0.449497,0.772225,0.406695,1.092817,0.771834,0.626650,0.348359,0.514412,0.732238,0.452729,0.666972,0.313793,0.318429,0.203297,0.286525,0.499801,0.176066,0.560265,1.064862,0.697406,0.947476,0.382186,0.654677,0.618795,-0.213784,0.464897,0.397679,0.170825,0.656339,0.185183,-0.017485,0.385719,1.216619,0.508328,-0.194119,0.365753,0.082149,0.070557,0.486859,0.304759,0.495956,0.445365,0.166710,0.125873,0.174488,0.871774,0.867915,0.229588,0.576266,0.276833,0.478444,0.559470,0.544852,0.241529,0.267342,0.698047,-0.070354,0.754505,0.511062,0.264348,0.038070,-0.004303,0.287396,-0.156905,0.173729,0.317638,0.621878,0.121222,0.457127,0.686002,0.612489,0.040468,-0.249445,0.526375,-0.500661,0.375428,0.221275,0.610530,0.467992,0.735178,0.561950,0.682794,0.384751,0.930614,0.302036,0.285692,-0.115854,0.365954,0.069723,-0.162581,-0.312776,-0.252382,-0.353489,0.530711,0.300727,0.355404
0.585086,0.628825,0.262590,0.617041,0.535179,0.406606,0.347506,0.342503,0.401003,0.718404,0.635777,0.415508,0.694713,0.472690,0.809272,0.719382,1.510839,0.673677,0.051899,0.762843,0.118581,0.723078,0.542859,0.458263,0.254628,0.253404,0.806798,-0.074887,0.141671,0.418437,0.279660,0.234656,0.349516,0.124682,0.116969,0.521562,0.682423,0.720152,0.940660,0.534018,0.311959,0.629687,0.885969,0.382377,0.402556,0.143567,0.397273,0.908279,0.759073,0.674428,1.024496,0.475226,0.823539,0.293448,0.680901,0.512518,0.802542,0.360364,0.648023,0.771327,0.174588,0.318623,0.524959,0.477511,0.575589,0.579526,0.397197,0.706278,0.355260,0.762204,0.790863,0.256267,0.296055,0.656528,0.299026,0.559300,0.380573,0.083818,0.085087,-0.128265,0.620879,0.372945,0.345638,0.406624,0.846178,0.088754,0.907408,0.478522,-0.036921,0.334885,0.243803,1.113725,0.462810,0.894582,0.644363,0.416097,0.593195,0.751016,0.419935,0.589816,0.278118,0.597977,-0.171929,-0.088202,0.111965,-0.038176,-0.174410,0.399098,0.160932,0.183582,0.061874,0.300805,0.156182,0.111051
0.262750,0.169431,0.298876,0.082615,0.302981,0.264685,-0.194541,0.462963,-0.411633,-0.183566,-0.116223,0.502238,0.298384,0.361682,0.182360,0.043677,0.736498,0.123179,0.228185,0.474479,-0.036417,0.453667,0.407232,-0.031151,0.086891,0.318242,0.303146,0.079461,-0.083027,-0.113590,0.320596,0.150069,0.063075,0.085282,0.184908,0.226735,0.682494,0.690986,1.103383,0.256650,0.254007,0.621557,0.204589,0.459393,0.095264,0.239295,0.025445,0.058143,0.351038,-0.063342,0.863804,0.307955,0.167296,0.036870,0.326452,0.195700,-0.080912,-0.310249,0.082580,0.500322,-0.104635,0.243726,0.280942,0.077124,0.423308,0.136194,0.458504,-0.040014,0.073435,0.077624,0.138726,0.080886,0.259907,0.027939,0.173253,0.792014,0.737295,0.056213,0.178438,0.140563,0.632054,0.212234,0.235455,0.178819,0.672945,0.390446,0.299554,0.373806,0.494574,0.278782,0.025898,0.556919,0.106683,0.457879,1.046683,0.404005,0.660605,0.369236,0.353378,-0.008943,0.175445,0.035739,0.326577,-0.179368,0.450272,0.276827,-0.160754,-0.193217,0.050623,-0.389942,0.112378,0.498550,0.296042,0.398307
0.742908,0.543204,0.708611,0.407279,0.881731,0.639724,1.168202,0.480607,0.843750,0.667830,0.020536,0.758627,0.331015,0.285942,0.836124,0.764260,0.847806,0.628323,0.184008,0.252977,0.238312,1.191270,0.660156,0.137850,0.173937,0.831729,0.063047,0.196672,0.252744,0.613178,0.707486,0.693820,0.678513,0.516781,0.830899,0.699027,0.580548,0.560799,1.204843,0.458643,0.095057,0.827230,0.654061,0.132780,0.481387,0.948170,0.399840,0.901043,0.793925,0.373249,0.622327,0.609433,0.717327,0.689622,1.150215,0.417919,0.644256,0.680742,0.639382,0.916166,0.296319,0.390289,0.454444,0.623710,0.704454,0.501331,0.277575,0.724439,0.270966,0.707880,0.374340,0.235465,0.475460,0.065236,0.472664,0.890191,0.357107,0.106654,0.474967,0.464303,0.653413,0.670168,0.781156,0.802303,0.924601,0.581614,0.822452,-0.062844,-0.108770,0.596676,0.545853,0.787607,0.474064,0.751599,1.025017,0.372529,0.709416,0.579820,0.462473,0.460740,0.212047,0.860450,0.016837,0.387487,0.303233,0.280408,0.288048,0.516540,0.722838,0.736882,0.519494,0.052143,-0.060710,0.069312
0.715594,-0.160762,0.591991,-0.104179,0.176727,0.097073,-0.180169,0.135040,-0.165232,0.287172,-0.213324,0.116922,0.095735,-0.100697,0.130605,-0.007441,0.645834,0.091256,-0.009765,0.072704,0.307824,1.179221,0.142616,0.011549,0.359554,0.070673,0.429349,0.278401,0.215110,0.068985,-0.083469,-0.171305,-0.182721,-0.189847,-0.239237,0.142638,0.171724,-0.014060,0.163882,0.068205,0.069840,0.095244,-0.131131,0.163711,-0.372149,-0.258671,0.201004,0.043028,-0.101236,0.018963,0.521112,0.270962,0.061736,-0.238882,-0.072290,-0.286650,-0.112706,-0.464430,0.280267,0.071948,-0.366156,-0.441518,-0.035974,0.036038,0.658292,0.328829,0.276507,0.068021,-0.030131,0.292632,0.125288,-0.198696,-0.173359,-0.062877,-0.386226,0.004235,0.434934,-0.010791,-0.236287,-0.329648,0.039489,-0.358569,-0.429467,-0.205352,0.192613,-0.216751,0.180125,-0.028820,0.079485,-0.161783,-0.426313,0.313745,-0.137125,-0.016344,0.319310,0.462613,0.474707,0.645846,0.268215,-0.050976,0.302152,0.045573,-0.176505,-0.351885,-0.342109,0.205478,0.092629,-0.079848,0.066852,-0.089281,-0.005151,-0.185101,0.106174,0.269035
NaN,NaN,NaN,NaN,NaN,NaN,NaN,NaN,NaN,NaN,NaN,NaN,NaN,NaN,NaN,NaN,NaN,NaN,NaN,NaN,NaN,NaN,NaN,NaN,NaN,NaN,NaN,NaN,NaN,NaN,NaN,NaN,NaN,NaN,NaN,NaN,NaN,NaN,NaN,NaN,NaN,NaN,NaN,NaN,NaN,NaN,NaN,NaN,NaN,NaN,NaN,NaN,NaN,NaN,NaN,NaN,NaN,NaN,NaN,NaN,NaN,NaN,NaN,NaN,NaN,NaN,NaN,NaN,NaN,NaN,NaN,NaN,NaN,NaN,NaN,NaN,NaN,NaN,NaN,NaN,NaN,NaN,NaN,NaN,NaN,NaN,NaN,NaN,NaN,NaN,NaN,NaN,NaN,NaN,NaN,NaN,NaN,NaN,NaN,NaN,NaN,NaN,NaN,NaN,NaN,NaN,NaN,NaN,NaN,NaN,NaN,NaN,NaN,NaN
0.094181,-0.108469,0.151803,0.639131,0.880946,-0.105737,0.592539,0.320786,0.803549,0.808390,0.313225,0.991231,0.040137,-0.057496,0.110735,-0.058326,0.683889,-0.007681,-0.043969,0.075010,0.338567,1.132435,0.452264,0.073920,0.092693,0.026115,-0.122267,0.162070,0.040202,0.031825,0.552981,0.572796,0.560838,0.554566,0.313107,0.359771,-0.007460,0.037992,0.028545,0.147961,-0.058335,0.337200,-0.170478,0.112469,0.182225,0.488594,0.159677,0.411290,0.319344,0.014735,0.243314,0.360507,-0.234594,0.258242,0.207365,-0.065717,0.103977,0.249919,0.462692,0.337291,0.331568,-0.224107,-0.015851,0.026077,0.520479,0.090169,0.679534,0.455304,-0.068515,0.523443,-0.027322,0.091571,-0.197155,-0.009958,-0.289812,0.485484,0.371726,-0.056807,0.293118,0.116564,-0.098425,0.241631,0.241434,0.433929,0.113863,0.196463,0.480104,0.170276,0.151654,-0.040096,-0.135004,0.544005,-0.301587,0.729364,0.366603,0.208408,0.229149,0.524822,0.297396,0.773149,0.476971,0.235746,-0.005763,-0.445320,-0.237322,-0.299797,-0.653947,0.304205,0.081526,0.132096,0.263320,-0.037293,-0.256018,-0.333247
0.596769,0.261960,0.744298,0.373259,0.453232,0.460715,0.325442,0.528376,0.115197,0.742548,0.439794,0.764668,0.364207,0.478794,0.559924,0.552636,0.890932,0.163035,0.919467,0.355253,0.150767,1.254637,0.468145,0.520953,0.301043,0.719672,0.313716,0.265403,0.739399,0.020592,0.494673,0.195897,0.228292,0.031772,0.731079,0.763710,0.630250,1.092331,1.060883,0.484751,0.367425,0.758275,0.349892,0.280870,0.296859,0.393222,0.712125,0.389711,0.245723,0.757359,0.227531,0.575050,0.375014,0.573437,0.535804,0.215254,-0.026289,0.276948,0.792131,0.684723,0.036005,-0.395654,0.308778,0.151897,0.680796,0.040702,0.220389,0.311742,0.249290,0.651545,0.250202,0.386510,0.340638,0.176695,0.432376,0.691014,0.333095,0.222233,0.140898,0.269013,0.756526,0.396287,0.917728,0.693472,1.018317,0.652458,0.819436,0.549448,0.228462,0.766012,0.474101,0.591062,-0.033740,0.722031,1.087614,0.464099,0.537852,1.039795,0.395460,0.898510,0.757548,0.659197,0.191645,0.082609,0.183699,-0.176603,-0.256470,0.513120,0.341004,0.114745,-0.025907,0.285927,0.135479,-0.041665
0.582348,-0.127737,0.600119,0.301601,-0.246770,0.970856,0.447191,-0.076824,0.512457,0.284811,0.320525,-0.281652,0.072844,0.053298,0.000405,0.280202,0.804699,-0.405573,0.213875,0.158973,0.275139,1.296431,0.042245,0.130890,0.405105,0.945650,0.490050,0.191751,0.264598,0.023755,0.139229,0.334760,0.431036,0.375344,0.163137,0.322993,0.342976,0.148131,0.398141,0.207092,0.232542,0.180469,0.010571,0.134132,0.054177,0.351558,0.286667,0.446143,0.131350,0.385859,0.844208,0.113222,-0.230856,0.131640,0.640680,-0.374626,0.235298,-0.038959,0.162952,-0.005324,0.312722,-0.193343,0.354952,0.070029,0.233012,-0.008952,0.419919,-0.116809,0.249847,0.113143,0.197970,0.005697,0.073522,0.007221,-0.339109,0.288844,-0.101886,-0.172275,0.579740,0.862328,0.372562,0.518522,0.666087,0.809563,0.745081,1.007210,0.246312,0.504153,0.294735,0.717365,0.758276,0.287379,-0.128621,0.943452,0.577453,0.561484,0.372105,0.425871,0.553284,0.870572,0.126513,0.322159,-0.036226,0.052836,0.372885,0.423929,-0.240964,0.078601,-0.111979,-0.220821,-0.200505,0.024746,-0.172191,-0.206714
1.124046,0.479517,1.181054,0.701753,0.504046,0.943204,0.591025,0.690123,0.476203,0.919113,0.482124,0.678973,0.778542,0.837882,0.720482,0.511662,1.078509,0.467543,0.382164,0.492573,0.139004,1.353554,0.757429,0.750923,0.932406,1.104197,0.952919,0.258650,0.660597,0.236334,0.697156,0.410269,0.406602,0.292439,0.724553,0.569917,0.631243,0.849194,1.089382,0.599228,0.246651,0.958795,0.504414,0.077207,0.335163,0.667564,0.565523,0.576634,0.296516,0.635062,0.984620,0.192754,0.369622,0.507541,0.579781,0.281752,0.724137,0.396550,0.988948,0.624544,0.498678,0.376712,0.791339,0.374662,0.935245,0.826950,1.114484,0.701620,0.394744,1.139673,1.157735,0.039498,-0.076505,0.129262,0.086785,0.345800,0.336050,0.288849,0.394836,0.499326,0.655631,0.587172,0.677377,0.785183,1.002836,0.715575,0.286469,0.385002,-0.100769,0.550026,0.393669,0.503716,-0.053528,0.597615,0.871430,0.376948,0.639023,0.723017,0.542964,0.561258,0.196262,0.589360,0.256681,0.544495,0.515272,0.494660,0.321571,0.586923,0.488333,0.231391,0.422004,0.447524,0.203182,0.595342
0.314161,-0.206042,0.571621,0.292155,-0.261583,0.311416,0.074206,0.114220,0.123998,0.242416,0.265165,-0.047437,0.009063,0.187904,-0.143400,0.229468,0.690924,-0.301410,0.407213,0.108940,0.114049,0.951104,-0.034458,0.073790,0.168058,0.267740,0.241317,0.323675,0.204087,-0.025132,0.074307,-0.050733,0.100358,0.141471,0.295280,0.333371,0.363111,0.147883,0.320007,0.416174,0.262427,0.343008,-0.293050,-0.216832,0.421290,-0.047862,-0.057717,0.210622,-0.143204,0.273943,0.749048,-0.028521,-0.425705,0.160035,0.446171,-0.252113,-0.168303,-0.376719,-0.235793,-0.105860,-0.247643,-0.121668,-0.453795,-0.545922,0.281404,0.608300,0.615656,-0.218511,-0.350461,-0.149080,-0.081914,-0.251921,0.053400,-0.060074,-0.250454,0.239684,-0.246831,-0.437353,-0.288265,-0.147368,0.005365,-0.210308,0.249657,0.377662,0.804324,0.122928,-0.006533,-0.032733,-0.128202,0.178650,-0.046156,0.338864,-0.463293,0.472435,0.420671,0.236750,-0.051061,0.055659,0.371597,0.290315,0.156757,0.242557,0.037992,-0.500001,-0.143889,-0.324157,-0.553457,-0.517816,0.078773,-0.157842,0.088294,0.161356,-0.191445,-0.095373
0.634814,-0.196243,0.783843,-0.102756,0.296278,0.105952,-0.343392,0.741310,-0.128366,0.496681,0.419894,0.338067,1.098605,0.654849,0.530497,0.571662,0.537541,0.568217,0.465444,0.279922,0.420490,1.005978,0.880094,0.476297,0.497903,-0.018619,1.056297,0.365612,0.702073,0.346022,0.150908,-0.049128,0.061214,0.074936,0.137958,0.337464,0.577978,0.693947,0.600598,0.132129,0.047446,0.300703,0.169635,-0.194115,-0.087199,-0.232847,0.571382,0.631738,1.174702,0.461358,0.432753,0.285324,0.181141,0.191400,0.922388,0.441019,0.243116,-0.508724,0.900936,0.406295,-0.710308,-0.531963,-0.046428,0.489091,1.230644,0.506860,0.532956,0.188304,0.327194,0.635701,0.381698,-0.121028,0.074519,0.118461,-0.212302,-0.179543,0.200880,0.056130,-0.297403,-0.177833,0.088855,-0.673423,0.036429,0.138118,0.533189,0.248208,0.259430,0.188593,0.389732,0.219854,-0.486675,0.124903,0.068051,0.736639,0.560038,0.858317,0.963508,0.959295,0.690205,0.918670,0.478999,0.417580,0.133254,0.297632,0.302662,0.237016,0.048029,-0.224663,-0.051136,-0.133284,-0.245335,0.339721,0.215498,0.036266
-0.104406,0.120516,0.268460,0.064004,0.195822,0.312043,0.370640,0.110466,0.108823,0.506388,-0.193742,0.477797,-0.251318,-0.013488,0.188925,0.167148,0.530994,-0.064241,-0.186897,0.086610,0.296565,0.506501,0.047003,0.639463,0.025317,0.639800,0.522707,0.170296,0.416708,0.270192,-0.195903,-0.016494,0.019032,0.027622,0.089008,0.065408,0.322946,0.247633,0.069286,0.015852,0.190736,0.268202,-0.342061,0.354575,-0.158953,0.064564,0.095223,-0.100748,-0.209886,0.376804,0.514322,0.030836,-0.359962,0.393422,-0.039601,-0.505873,-0.366931,-0.180412,0.379397,0.086583,-0.099717,-0.344725,-0.103899,-0.307341,-0.181315,-0.365787,-0.192059,0.079138,-0.252878,0.298112,-0.025585,-0.334772,0.171957,0.525931,0.277015,0.401140,0.426908,-0.166222,-0.232458,-0.164473,-0.058954,-0.028146,0.380962,0.451435,0.053021,0.135440,0.008836,0.115880,0.000025,0.168499,0.013716,0.217116,-0.294913,0.213226,-0.093181,0.335376,0.478370,0.223809,0.227965,0.171713,0.083271,0.377762,-0.353028,0.063654,-0.520453,-0.149480,0.014974,-0.150123,-0.114204,-0.254221,-0.432061,-0.025849,0.063505,-0.027852
0.530724,-0.113396,0.472902,-0.181148,0.067787,0.209386,-0.234378,0.316575,0.111022,-0.018821,0.158404,0.123512,0.296629,0.239965,0.378480,-0.290415,0.830640,0.334446,0.258842,0.611608,0.446620,0.820342,0.180953,0.323120,0.082101,0.682863,0.050476,0.307142,0.117790,0.351999,0.161672,0.241084,0.080867,0.380808,0.538909,-0.017030,0.609934,0.462373,0.535073,0.180835,0.253974,0.297208,-0.150696,0.317591,0.392654,0.712566,-0.023127,-0.150158,-0.719930,0.894829,0.311861,-0.130102,-0.042122,0.336185,-0.724821,-0.033060,-0.118157,0.043332,0.136990,0.269882,-0.074619,0.044799,0.203882,0.447742,0.300214,0.158475,0.118936,0.229801,0.513269,0.360882,0.148553,-0.215650,-0.033658,0.036179,0.163990,0.457870,0.184210,-0.037570,0.021540,0.141879,0.646290,0.556984,0.624236,0.355181,0.931306,0.411655,0.585103,0.293059,0.160155,0.746435,0.529563,0.627820,0.036464,-0.065056,1.002084,0.418005,0.350921,0.376087,0.551547,0.807973,0.820033,0.564080,-0.520938,-0.412529,-0.578392,-0.381154,-0.751653,0.143017,-0.068696,-0.150152,-0.054517,-0.229928,-0.567522,-0.223683
0.162055,-0.237586,-0.133683,0.170802,0.284744,0.074130,0.189184,0.428354,-0.191221,0.431227,-0.056758,0.515615,-0.278133,-0.274245,-0.345312,0.192655,1.108683,-0.130921,-0.349829,0.025616,-0.171333,0.835544,0.561040,0.025844,-0.209716,0.422850,-0.059676,0.088642,-0.131253,0.029662,0.192458,0.102287,0.056241,-0.012007,0.247647,-0.135476,0.274866,0.538135,0.497944,-0.077819,-0.283915,0.416282,-0.270701,-0.135436,-0.279526,0.146686,-0.249324,-0.131296,-0.302981,0.301453,-0.297898,-0.135778,-0.311685,-0.393404,-0.417839,-0.036431,0.141616,-0.078577,0.309935,0.190679,-0.139070,-0.123386,0.125074,0.155479,0.475220,-0.042129,-0.087326,0.498234,-0.182631,0.957350,0.242288,-0.621804,-0.594508,-0.344196,-0.338026,0.641489,0.192065,-0.686685,-0.035545,-0.357122,0.194253,0.214167,0.572540,0.501788,0.453239,0.121855,0.361337,0.104111,-0.064964,0.333200,-0.196750,0.495010,0.116637,0.380902,0.730243,-0.032601,0.199068,0.448978,0.203361,0.027115,-0.017528,0.339148,-0.229188,-0.223738,0.176310,0.004921,-0.271312,0.253438,0.110397,0.166357,-0.086341,-0.003455,-0.061919,0.115466
0.251815,0.185863,0.031221,-0.247016,-0.026346,0.146909,-0.113648,0.021596,0.197854,-0.289421,-0.080118,-0.123836,0.157178,0.029838,0.376777,-0.078522,0.380966,-0.164111,-0.300676,0.240482,-0.554017,0.403059,0.338882,-0.033123,-0.151398,0.087119,-0.148766,-0.177876,0.090856,-0.060156,-0.037807,-0.275893,-0.285760,-0.586353,-0.421601,0.049577,0.344821,0.047749,0.405216,0.246314,-0.286699,-0.001660,-0.241451,-0.297038,0.161569,-0.337222,0.211494,-0.431810,-0.136614,0.286379,0.231992,0.311740,0.076586,0.244614,-0.179478,-0.052317,-0.014439,0.209865,0.365728,0.050303,0.152159,0.107291,0.013615,-0.094458,0.369262,-0.095882,0.288079,0.001168,0.028183,0.551288,0.451822,-0.029089,-0.238739,0.276575,0.018271,0.201836,-0.148263,-0.072571,-0.229842,0.097968,0.213560,-0.339151,-0.123656,0.416542,0.373054,0.522124,0.512164,-0.051164,-0.344319,0.066432,-0.145039,0.951650,0.092864,-0.186083,-0.071485,-0.223676,-0.094800,0.291096,-0.023441,0.247506,0.256638,-0.056506,-0.652315,-0.660852,-0.805107,-0.390802,-0.631324,0.262755,-0.497836,-0.404847,-0.246540,-0.362961,-0.355193,-0.501869
0.405420,0.084039,0.268294,0.561051,-0.075211,0.218250,0.107379,0.040039,0.266681,0.184245,0.385439,-0.062440,0.413056,0.119622,0.345207,-0.052699,1.046796,-0.258087,-0.252947,0.083709,0.293739,1.005027,0.141957,0.156509,-0.025580,0.451151,0.023383,0.379745,-0.222681,-0.051113,0.139919,0.183982,0.235714,0.158963,0.070540,-0.642010,0.222489,0.125663,0.261538,-0.513553,-0.398682,-0.225581,-0.264283,-0.540947,-0.331014,0.168491,-0.358640,-0.134125,-0.044405,0.247057,0.324045,-0.621687,-0.149827,-0.371220,0.039731,0.244516,0.344071,0.183905,0.664259,0.616681,0.457292,0.407141,0.163818,0.256014,0.325016,-0.028068,-0.132868,0.586697,0.399074,0.902492,0.655015,0.102091,0.087866,0.357469,0.072918,0.327326,0.444879,-0.005216,0.074342,0.181339,0.018730,-0.018346,0.479710,0.348159,0.504536,0.836522,-0.153878,0.053522,0.266411,0.687977,0.131818,0.016184,-0.204506,0.067045,0.060837,0.133580,0.313142,0.441448,0.293260,0.393469,0.356485,0.571930,0.197315,0.243333,0.128833,0.085497,0.194975,0.012241,-0.475866,-0.147969,-0.396441,0.252152,0.200227,0.184230
-0.050187,-0.362326,0.124743,-0.121858,-0.186800,-0.068993,0.219174,-0.127270,0.103681,-0.066107,-0.647617,-0.243995,-0.234872,-0.288367,0.159481,-0.256505,0.622484,0.257693,0.028338,-0.158284,-0.418616,1.225701,0.165199,-0.167914,-0.367770,0.094958,0.091159,-0.291565,0.383954,0.038383,-0.292696,-0.424967,-0.111792,-0.454453,-0.104316,0.049716,0.224521,0.492184,0.631489,-0.181530,-0.248609,0.417840,0.258570,-0.149362,-0.279492,-0.215422,0.094476,-0.098657,-0.280744,-0.335635,0.552090,0.411170,0.132015,-0.384929,-0.173011,-0.062733,0.319176,-0.002517,0.172862,0.454550,0.231383,0.068578,0.003436,0.032624,0.025861,-0.137238,0.320529,0.416932,0.144031,0.212376,0.248976,-0.225162,-0.007685,0.031268,0.012924,0.779680,0.689789,-0.158899,-0.196295,-0.186763,-0.478920,-0.110476,0.210660,0.244274,-0.503862,0.410924,-0.501876,0.378292,-0.175311,0.391556,-0.173348,-0.145158,-0.021578,0.533809,0.681252,-0.145271,-0.408394,0.067978,0.148177,0.815467,-0.091164,0.098179,-0.053475,-0.343059,0.207991,-0.033205,-0.682258,-0.209886,-0.124648,-0.193336,-0.035544,0.384030,-0.059616,0.119605
-0.109789,0.103794,-0.070649,0.207933,0.196918,0.442616,-0.089700,0.551916,-0.388653,0.192163,0.239140,0.527979,0.151937,0.035626,-0.081070,0.210509,0.871193,0.128970,0.190792,0.536328,-0.001867,0.891326,0.429917,-0.020165,-0.570609,0.823145,0.163441,0.226395,0.427285,-0.228761,0.055144,0.330461,-0.291705,0.388708,0.370356,-0.022443,1.244925,0.288215,1.199763,0.092060,0.312700,0.211291,0.176338,0.382740,0.304471,0.538972,0.442705,0.332364,0.266054,0.261443,0.374264,0.550082,0.475129,0.146197,0.049278,-0.557225,-0.339110,-0.010851,0.472231,0.136321,-0.109900,-0.012525,0.439526,0.070566,0.688405,-0.142738,-0.186160,-0.084646,-0.170387,0.287421,-0.105819,0.012673,-0.047290,0.308315,0.035889,0.311474,0.227069,-0.211872,0.493329,0.395354,0.193213,0.660666,0.897883,0.572843,1.265450,0.613819,0.626150,-0.183784,0.241665,0.700592,0.741301,0.839113,0.039024,0.219850,0.670408,0.937712,0.862116,0.366118,0.878088,0.329343,-0.091303,0.541337,-0.347916,0.002441,-0.034856,-0.025584,-0.254711,0.516135,0.476070,0.120432,0.192674,0.034527,-0.031247,-0.063217
NaN,NaN,NaN,NaN,NaN,NaN,NaN,NaN,NaN,NaN,NaN,NaN,NaN,NaN,NaN,NaN,NaN,NaN,NaN,NaN,NaN,NaN,NaN,NaN,NaN,NaN,NaN,NaN,NaN,NaN,NaN,NaN,NaN,NaN,NaN,NaN,NaN,NaN,NaN,NaN,NaN,NaN,NaN,NaN,NaN,NaN,NaN,NaN,NaN,NaN,NaN,NaN,NaN,NaN,NaN,NaN,NaN,NaN,NaN,NaN,NaN,NaN,NaN,NaN,NaN,NaN,NaN,NaN,NaN,NaN,NaN,NaN,NaN,NaN,NaN,NaN,NaN,NaN,NaN,NaN,NaN,NaN,NaN,NaN,NaN,NaN,NaN,NaN,NaN,NaN,NaN,NaN,NaN,NaN,NaN,NaN,NaN,NaN,NaN,NaN,NaN,NaN,NaN,NaN,NaN,NaN,NaN,NaN,NaN,NaN,NaN,NaN,NaN,NaN
NaN,NaN,NaN,NaN,NaN,NaN,NaN,NaN,NaN,NaN,NaN,NaN,NaN,NaN,NaN,NaN,NaN,NaN,NaN,NaN,NaN,NaN,NaN,NaN,NaN,NaN,NaN,NaN,NaN,NaN,NaN,NaN,NaN,NaN,NaN,NaN,NaN,NaN,NaN,NaN,NaN,NaN,NaN,NaN,NaN,NaN,NaN,NaN,NaN,NaN,NaN,NaN,NaN,NaN,NaN,NaN,NaN,NaN,NaN,NaN,NaN,NaN,NaN,NaN,NaN,NaN,NaN,NaN,NaN,NaN,NaN,NaN,NaN,NaN,NaN,NaN,NaN,NaN,NaN,NaN,NaN,NaN,NaN,NaN,NaN,NaN,NaN,NaN,NaN,NaN,NaN,NaN,NaN,NaN,NaN,NaN,NaN,NaN,NaN,NaN,NaN,NaN,NaN,NaN,NaN,NaN,NaN,NaN,NaN,NaN,NaN,NaN,NaN,NaN
0.050617,-0.590982,0.271011,0.179618,0.136833,0.400749,-0.385277,-0.215618,0.057049,0.218031,-0.003770,0.067100,-0.004386,0.280847,-0.155900,-0.265189,0.432499,-0.729321,-0.301480,0.176079,-0.072188,0.498574,0.240869,0.157545,0.288304,0.334652,-0.161531,0.068442,0.038762,0.095210,0.577927,0.269704,0.446518,0.125446,0.348901,0.131175,0.473802,0.257170,0.566751,0.447263,-0.067039,-0.010932,-0.003660,-0.125058,0.378673,0.447378,0.089910,0.083847,-0.238150,0.249961,0.572995,-0.096567,-0.226654,0.282907,0.225352,-1.037444,-0.641277,-0.631175,-0.157923,-0.287130,-0.675048,-0.644881,0.080116,-0.659669,0.430829,0.039465,-0.265162,-0.370249,-0.677978,-0.033435,-0.086426,-0.124896,0.045492,-0.208595,-0.270765,-0.116942,-0.063848,-0.208941,0.302510,0.628724,-0.009173,0.122720,0.230075,0.589666,0.176339,0.216561,0.033233,0.298728,-0.220175,0.342494,0.256426,0.436165,-0.359028,0.083640,0.239225,0.202897,0.228393,1.016912,0.331243,0.795144,-0.130626,0.144561,-0.330107,-0.369349,-0.363720,-0.101900,-0.396373,-0.092304,-0.110016,-0.299979,-0.143221,-0.341266,-0.297044,-0.400126
0.165482,-0.386222,-0.137724,-0.193098,-0.076369,0.165693,0.202490,0.222851,-0.090764,0.273455,-0.182151,0.291802,0.451709,0.090267,0.134833,-0.355404,0.549855,-0.693550,0.116977,0.471085,0.216895,0.691231,0.515553,0.061332,0.258180,-0.127603,-0.108005,0.229310,0.145162,-0.065095,0.066869,0.411857,0.075880,0.125705,-0.064593,0.022071,-0.115683,0.036609,0.189467,0.016414,-0.080987,0.056312,0.188146,0.100704,-0.110124,0.058605,-0.128189,0.440624,-0.083623,0.074254,0.281534,-0.323075,-0.043906,-0.180009,0.354968,-0.394098,0.261989,-0.076036,0.292731,0.557299,-0.051303,-0.163326,0.154802,-0.100285,0.590365,0.048236,0.095353,0.316710,0.060236,0.564189,0.985521,0.285804,0.037306,-0.094458,-0.164697,0.360765,0.496022,0.325773,0.027871,0.008744,0.481581,-0.223651,-0.117179,0.428569,0.464547,0.531661,-0.167309,0.206170,0.278784,0.026046,-0.029826,0.347365,-0.413184,0.037209,0.442866,0.364401,0.837198,0.848382,0.767455,0.485618,0.221689,0.374897,0.132975,0.673035,-0.114803,0.557109,0.418782,-0.021515,0.093094,-0.072576,-0.004906,0.156677,0.152024,-0.030818
0.216131,0.243786,0.452238,0.642978,0.068945,0.369380,0.410606,0.148870,0.225353,0.925911,0.368611,0.557436,0.112440,0.356799,0.555402,0.577992,0.507770,-0.097233,0.503536,0.370030,0.200848,0.572817,0.042332,0.505337,-0.091543,0.660745,0.264623,0.105606,0.448306,0.016461,0.335736,0.119580,0.153928,0.067736,0.083308,0.412658,0.587782,0.490461,0.709857,0.218295,0.380683,0.498830,0.029869,0.261731,0.086025,0.152315,0.718196,0.515403,0.451691,0.259461,0.662533,0.528360,-0.067369,0.104054,0.590573,0.022059,0.334394,0.634204,0.395354,0.791087,0.159923,0.302192,0.367238,0.389851,0.275739,-0.000570,0.250170,0.188574,0.117181,0.409633,0.241064,-0.165473,0.196995,0.054666,0.325681,0.680526,0.366671,-0.032267,0.355047,0.420115,0.211135,0.480592,0.241344,0.594883,0.421049,0.240038,0.111611,0.214200,0.220511,0.013382,-0.090778,0.355491,-0.230436,0.256888,0.567527,0.188495,0.276452,0.609080,0.537268,0.728107,0.131407,0.062152,-0.111210,0.134947,-0.002299,-0.106047,0.085604,-0.107075,0.400548,0.032080,0.367711,0.120131,0.216521,0.383374
-0.002708,-0.149679,0.037028,0.379068,0.083936,-0.008131,0.170731,-0.026135,-0.184826,-0.033795,0.141511,-0.022209,0.044718,0.475070,0.220568,0.247669,0.441006,-0.232741,0.483408,-0.171156,-0.154590,0.130088,-0.083324,0.272916,0.105254,0.734258,0.102269,0.060256,0.259794,-0.017136,-0.433896,-0.211568,-0.213168,-0.263632,0.008185,0.084318,0.293737,0.159143,0.048714,0.256968,0.541084,0.239545,0.306943,0.366687,0.290896,-0.087676,0.282811,0.410372,-0.130962,0.207587,0.481563,0.240241,-0.051308,0.222782,0.098814,-0.110897,0.052234,-0.168025,0.148367,-0.243708,0.060319,-0.642218,-0.002031,-0.075777,0.350597,0.076328,0.383451,-0.152483,0.168609,0.193463,0.014629,0.051753,0.107973,0.205836,-0.415239,0.570923,-0.459918,-0.184308,-0.294401,-0.491237,-0.219274,0.108246,0.009439,-0.119455,0.267017,-0.326858,0.186813,-0.015137,-0.056283,-0.278285,-0.053575,0.457702,0.111486,1.119013,0.462335,0.122203,-0.098630,0.313778,0.021971,0.693899,0.281226,0.146619,-0.143318,0.100570,0.046706,-0.093340,-0.318592,-0.429387,0.095638,-0.226952,0.425162,0.106654,0.025352,-0.255605
0.459322,0.118260,0.678561,0.783341,0.228899,0.470866,0.164730,0.085159,0.242476,1.061390,0.329085,0.263142,0.021548,0.492930,0.104956,0.308530,0.836895,0.049259,0.138925,0.242876,-0.130837,0.669236,0.259137,0.453122,0.027992,0.587038,0.269920,0.095763,0.413439,-0.025888,-0.102602,0.070937,-0.210582,-0.053337,0.062140,0.250354,0.033581,0.126684,0.493980,0.428499,-0.089206,-0.046817,0.089086,-0.054281,0.037306,0.247326,-0.055386,0.276485,-0.135503,0.126193,0.369321,-0.083672,-0.163310,-0.287741,-0.166079,0.010890,-0.201477,0.314489,0.235732,0.508365,0.092393,-0.134517,0.332619,0.401732,0.451489,-0.114963,0.074257,0.125599,0.254095,0.226550,-0.014507,-0.049117,0.118183,0.111565,0.479969,0.618128,0.722482,-0.108768,0.001609,0.082381,0.326225,-0.040661,0.476263,0.569916,0.790545,0.565833,0.204205,-0.136299,-0.496749,0.705745,0.027466,0.342088,-0.086537,0.195088,0.244120,0.257435,0.722279,0.432099,0.674046,0.063669,-0.082353,0.138789,-0.428865,0.333292,0.085653,0.416290,0.258176,-0.079609,-0.091581,-0.068797,-0.153911,-0.108939,-0.015742,-0.131135
0.334843,0.092294,0.298336,0.100192,0.239074,0.395473,0.361934,0.383425,0.234240,0.333414,0.270322,0.470209,0.501712,0.194389,0.381605,0.469894,0.744671,0.491459,0.000671,0.708686,0.080474,0.979468,0.544095,0.157718,0.075411,0.489126,0.504899,-0.040749,-0.231222,0.215673,0.523285,0.470551,0.416105,0.224002,0.720444,0.701267,0.560274,0.863352,0.291862,0.587089,0.334487,0.630323,0.072228,0.409685,0.446777,0.190337,0.415236,0.242930,0.152688,0.675381,0.393530,0.101352,0.598385,0.578204,0.303682,0.584794,0.396503,0.106513,0.387510,0.124052,0.194581,0.203808,0.320004,0.789967,0.019080,0.223213,0.673305,0.100202,0.818088,0.412050,0.498212,0.235347,0.192406,0.078399,0.117701,0.360060,0.245233,0.236905,0.299955,0.417483,0.548421,0.447877,0.569477,0.585852,0.609456,0.532850,0.403037,0.507163,0.300732,0.495796,0.645402,0.621944,0.488567,0.763285,0.259284,0.463127,0.521373,0.595935,0.879864,0.834764,0.486130,0.280904,-0.291248,0.172250,0.106180,0.108904,0.211372,0.350012,-0.039658,-0.139034,-0.088697,0.260531,0.572992,-0.100730
0.360722,0.058495,0.329768,0.341376,0.358460,0.847274,0.811489,0.551588,0.962246,0.240733,0.358527,0.312222,0.635673,0.162207,0.752149,0.417232,0.626338,0.080307,0.324125,0.892279,0.764638,1.350539,0.567147,0.059815,0.548226,0.887522,-0.035378,0.660143,0.314599,0.389563,0.565930,0.773717,-0.010777,0.758887,0.396514,0.017282,0.325458,0.226379,0.351722,0.090687,0.277549,-0.103349,0.522411,0.148597,-0.246939,0.548542,0.081399,0.701558,0.812852,0.013873,0.450783,0.097297,0.408088,-0.021607,0.840311,0.085135,0.620239,0.445005,0.834207,0.695149,0.710910,-0.018066,0.968429,0.122669,0.919676,0.185826,-0.109006,0.761873,0.158013,0.956477,0.828473,0.012863,-0.042240,0.285338,0.392012,0.068410,0.249812,0.294408,0.775431,0.308755,0.094490,0.638078,0.717352,0.847934,0.523795,0.803710,0.154712,0.362760,0.701082,0.672369,0.193682,0.268954,0.217221,0.842047,0.353829,0.838573,1.073526,1.052874,0.703373,0.349889,0.126608,0.652324,0.257707,0.500958,0.211130,0.352077,0.470670,0.381711,0.083375,-0.248589,0.277056,0.610207,0.154382,0.481940
0.249322,0.101183,0.529885,0.218425,0.561634,0.332872,0.077433,0.900724,0.190418,0.175318,0.537391,0.957489,0.357282,0.711255,0.605719,0.074950,0.851525,0.602796,0.183697,0.224684,-0.083541,0.859900,0.517909,0.586795,0.163189,0.436891,0.651150,0.266212,0.321348,0.379055,0.004258,-0.009668,-0.113174,-0.018338,0.236255,0.409078,0.586502,0.466039,0.746439,0.329976,0.143732,0.833804,0.507151,0.075369,0.278381,0.132182,0.239279,0.264276,-0.040866,0.464116,0.837885,0.341512,0.423427,0.396741,0.024146,0.495476,0.498294,0.112520,0.660114,0.708460,0.257213,0.221876,0.278149,0.358086,0.862237,0.562685,0.886290,0.955333,0.578136,0.839901,0.610260,0.055751,0.083350,0.127913,0.080678,0.396930,0.244595,0.312148,0.332216,0.012314,0.495465,0.169033,-0.076852,0.078360,0.548109,0.273197,0.069449,0.224178,0.067023,0.067830,-0.218948,-0.012090,0.111292,0.332028,0.652771,0.475388,0.702642,0.685389,0.697358,0.747570,-0.217894,-0.183900,0.161024,0.571004,0.179610,0.120107,0.428332,-0.224948,0.036125,-0.082376,0.282415,0.388415,0.438537,0.269901
0.832523,0.315064,0.954309,0.627980,0.734701,0.715237,0.641179,0.959477,0.431973,0.559008,0.388194,0.990317,0.688568,0.741729,0.976661,0.083823,1.177335,0.512746,0.718642,0.360158,0.491143,1.228190,0.697793,0.665553,0.780650,0.692906,0.490872,0.680830,0.578061,0.483841,0.641907,0.562523,0.831553,0.757942,0.846914,0.989754,0.699877,0.481322,0.633730,0.804532,0.612683,0.724107,0.903627,0.425059,0.835034,0.734598,0.786582,0.811908,0.540523,0.700630,1.014113,0.735328,1.026830,1.013987,0.671296,0.143004,0.371947,0.094357,0.701090,0.473987,0.070388,0.267258,0.092702,-0.084951,0.268062,0.393862,0.551985,0.225777,-0.083528,0.607300,0.604167,-0.094042,-0.019703,-0.259510,-0.046462,0.291483,-0.210815,-0.001389,0.364904,0.519859,0.735444,0.471814,0.903706,0.764307,0.581062,0.762413,1.011526,0.998374,0.532398,0.757279,0.652362,0.777451,0.733797,0.990138,0.457361,1.056797,1.068598,1.555518,0.853696,1.614880,0.836882,0.880817,0.233596,0.046170,0.039562,0.178085,0.006429,0.098599,0.099944,0.094583,0.066401,0.027931,0.000703,-0.103083
0.247531,-0.139453,0.096306,0.056479,0.460537,0.424588,-0.011123,0.112005,-0.032688,-0.166654,-0.565464,0.166476,0.267416,0.337015,0.243020,-0.121083,0.911845,-0.294926,0.250371,0.670527,0.288389,0.772053,0.390128,0.257653,0.007972,0.249907,-0.109921,0.162953,0.469297,-0.374604,0.145311,0.297666,-0.053176,0.355635,-0.024994,0.696861,0.640869,0.434667,0.957843,0.676005,0.581134,0.328270,-0.471752,0.684973,0.581323,0.083914,1.042159,-0.210550,-0.391217,0.265029,0.499445,1.005643,-0.679017,0.607369,-0.451465,0.054729,-0.215515,-0.129840,-0.013856,-0.172192,-0.058932,0.205631,-0.210447,0.075768,0.192568,0.152224,0.220227,0.138238,-0.235698,0.165414,0.059307,-0.213004,-0.086518,-0.097337,0.018754,0.311144,-0.265132,-0.235104,0.334619,0.210628,0.225797,0.005417,0.114245,0.353008,0.783740,0.354214,0.838081,0.345218,0.388529,0.181602,0.084947,0.931373,-0.760355,0.094739,0.537304,0.645364,0.780263,0.742072,0.708792,0.623598,0.038945,0.776359,-0.390091,0.088370,-0.056202,0.097260,-0.038865,-0.167004,0.109822,-0.152030,0.082841,0.071428,0.167759,-0.016864
0.333296,0.332269,0.198369,0.382503,0.373455,0.350160,0.251112,0.509692,0.106609,0.406943,0.291343,0.529036,0.297927,0.424544,0.300105,0.506534,0.901190,-0.335264,0.462857,0.435217,0.246044,1.119829,0.452727,0.572668,0.569004,0.364585,0.829159,0.363001,0.714752,0.118573,-0.062292,0.141113,0.048606,0.107479,-0.050856,0.151951,0.739201,0.822047,0.611178,0.141502,0.278571,0.467658,0.045302,0.191043,0.151593,0.259094,0.415776,0.448982,0.343286,0.713162,0.306770,0.089979,0.264214,-0.019600,0.386316,-0.154662,-0.152404,0.239271,0.193788,0.319845,0.074805,-0.057281,0.313880,0.077497,0.949555,0.230673,0.239923,0.156392,-0.027075,0.248323,0.209360,-0.225419,-0.528080,-0.153815,-0.282916,0.200258,0.000956,-0.158873,-0.105149,-0.217382,0.804398,-0.036421,0.127312,0.167482,1.367535,0.075635,0.338239,0.515283,0.107614,0.027350,-0.214529,0.449589,-0.181949,0.526896,0.516994,0.833291,0.735840,1.247991,0.531470,1.018632,0.592817,0.371740,-0.533541,0.083809,0.038952,0.033305,0.091409,0.060755,-0.087984,-0.028175,-0.056160,0.114250,0.272754,0.037915
0.714639,0.430583,0.700712,0.900505,0.948947,0.860431,0.699989,1.000868,0.688933,0.406452,0.428235,0.785249,0.576062,0.650552,0.907948,0.675377,0.838920,0.301985,0.458639,1.049775,0.559816,1.095787,1.025933,0.766657,0.662004,1.110640,0.853656,0.460841,0.959693,0.418696,0.874652,0.397059,0.504920,0.526256,1.014479,0.967409,0.958584,1.192621,0.903949,1.320579,0.617243,0.655018,0.420087,0.652911,0.914896,0.669378,0.732926,0.847500,0.434330,0.753704,0.683377,0.580250,0.524605,0.454930,0.351119,0.235177,0.721520,0.425011,0.645263,0.885307,0.548254,0.318405,0.671804,0.379754,0.795083,0.350644,0.939754,0.596246,0.434535,0.555125,0.453014,0.599891,0.533252,0.503041,0.720429,0.783304,0.673070,0.579595,0.339454,0.323933,0.730792,0.487473,1.125541,0.989626,1.048337,0.881155,0.870274,0.881495,0.577676,0.863371,0.421618,1.423374,0.321814,1.076891,0.810548,0.672418,0.584973,1.245522,0.221745,0.970314,0.642076,0.402579,0.412896,0.439020,0.434872,0.359707,0.082542,0.729227,0.552103,0.307654,0.399858,0.603959,0.332341,0.224397
-0.004511,-0.106790,0.331216,0.028149,-0.031925,0.158752,0.444524,-0.126285,0.164277,0.244104,-0.019902,0.415929,0.168041,0.236371,0.475197,0.087344,0.376235,0.084133,0.064285,0.153287,-0.257705,0.412885,0.097613,0.449331,-0.035227,0.686759,0.297440,0.300217,0.492165,-0.177622,-0.085109,-0.187220,-0.106739,-0.285148,0.348922,0.661490,0.315077,0.400891,0.503247,0.230109,0.000255,0.272209,0.405624,0.100629,-0.184685,0.483438,0.722169,0.635628,0.444688,0.519318,1.099021,0.867855,0.543374,0.534886,0.510636,0.105755,-0.142304,-0.351235,-0.193387,-0.255605,-0.326304,-0.247300,0.062685,-0.095248,0.129377,0.058000,-0.184962,-0.462474,-0.023612,-0.165579,0.005382,-0.561482,-0.154315,-0.334631,0.136817,0.040071,-0.178550,-0.183449,-0.198396,-0.217790,0.090230,0.201291,0.245096,-0.207777,0.098136,-0.177250,0.028269,0.120705,0.161120,-0.087465,0.031773,0.224687,0.053870,0.387220,0.341416,0.245516,0.187695,0.245256,0.231222,0.482943,0.051294,-0.240309,0.057729,-0.217883,-0.384044,-0.099549,-0.120578,-0.226487,-0.382873,-0.203725,-0.350184,-0.181844,0.136106,-0.220781
-0.019768,-0.577516,0.038472,0.192481,0.014646,0.051987,0.279804,0.213768,0.285911,-0.094114,0.193233,0.269766,-0.130321,-0.002622,0.113570,-0.219884,0.985816,-0.333659,0.104643,0.098026,0.038914,1.174346,0.128488,-0.224062,-0.044302,0.240976,-0.030324,0.097091,0.043183,0.315509,-0.439437,0.052683,0.097305,0.043631,-0.419695,-0.034130,0.013621,-0.100385,-0.328055,-0.129481,-0.017687,-0.110707,-0.355055,-0.213194,0.034960,-0.022342,-0.093403,-0.265496,0.069547,0.032930,-0.017549,-0.298611,0.074007,0.104324,-0.070167,-0.125810,0.240928,-0.063570,0.104719,0.244355,-0.016489,-0.480649,0.200074,0.409733,0.673759,-0.027988,0.165853,0.544219,0.378941,0.532153,0.289545,0.118092,0.171480,-0.015769,-0.477236,0.002838,0.181731,0.075745,-0.306326,-0.247028,-0.387959,-0.400380,-0.042589,0.050307,0.079499,-0.200031,-0.171106,-0.337656,-0.607362,-0.202545,-0.298146,-0.055436,-0.252715,0.179286,0.060195,-0.407264,0.083335,0.218497,-0.380557,-0.405133,-0.653987,0.105452,0.168660,-0.114516,-0.223479,-0.277505,-0.235403,-0.090108,-0.393842,0.170149,-0.439602,-0.153695,0.193803,-0.216456
0.179673,-0.073708,0.195057,0.173164,0.018876,0.221794,0.155374,0.258494,0.164256,0.310138,0.075132,0.100610,-0.045362,-0.189236,-0.076139,0.122152,0.153612,0.164025,-0.084844,0.297034,-0.080192,0.982490,0.398317,0.162393,-0.042382,0.407744,-0.446315,0.016697,0.208786,0.312164,0.013042,0.311530,-0.033906,0.223446,-0.175620,-0.208358,-0.145968,-0.336966,-0.108309,0.018992,-0.019376,-0.452937,0.050224,-0.016839,-0.394146,0.121144,-0.187273,0.145368,0.229739,-0.214850,0.872631,-0.170856,0.367173,-0.128737,0.242972,-0.201781,-0.254303,-0.003060,0.303278,0.057221,0.199525,-0.310084,-0.094438,0.152479,0.271972,-0.097327,-0.378754,-0.089513,0.144516,0.593418,0.577987,-0.403345,-0.266332,-0.403524,0.128127,0.446686,-0.074684,-0.146698,-0.175328,-0.115225,0.059719,-0.228270,0.308714,0.288482,-0.145879,0.247479,-0.460540,0.048248,-0.049013,0.260474,-0.310788,0.350355,0.073762,0.292878,0.216399,0.471134,0.475222,0.471304,0.586772,0.090362,0.376619,0.546937,-0.283695,0.443403,-0.157417,0.337455,-0.018362,0.020720,-0.177023,-0.210688,0.091972,0.353195,0.225143,-0.219812
-0.101661,-0.689593,0.335998,0.144336,0.341054,0.138517,-0.258290,0.139951,-0.150160,-0.338312,0.224887,0.473052,-0.270882,-0.103929,0.469221,-0.364237,0.224562,-0.595844,-0.202427,0.063062,-0.261325,0.616423,0.237803,0.023687,-0.117355,0.544971,0.366074,0.040027,-0.105008,0.299689,-0.365900,-0.024302,-0.493231,-0.340172,0.069621,-0.134291,0.158540,0.061476,0.147591,-0.064457,-0.324350,0.324200,-0.384501,-0.290943,-0.144698,0.028006,0.007521,-0.301538,-0.437882,0.395525,0.673034,0.091453,-0.280881,0.110951,-0.646144,-0.492924,0.349280,-0.566783,-0.046074,0.158138,-0.597106,-0.520778,0.084418,0.213476,0.532631,0.149390,0.459272,0.134433,0.166612,0.068531,0.104495,0.206265,0.165911,-0.092008,0.054082,-0.138213,-0.004746,0.142161,-0.043322,0.029680,0.096422,-0.048989,0.124365,-0.098760,0.423649,0.394017,0.187119,-0.219918,-0.381108,0.615055,0.285220,0.311024,-0.045661,0.304824,0.159754,-0.098312,-0.126019,0.197501,0.173632,0.596794,0.059472,0.113820,0.176144,-0.309281,-0.309487,-0.241260,-0.197897,-0.534970,-0.017289,-0.399785,-0.091905,0.217787,-0.289819,0.153448
0.092684,0.010656,0.244250,0.346712,-0.635603,0.230399,0.187245,-0.209964,0.111961,0.482069,0.018945,-0.341960,0.134677,0.097728,0.225855,0.058085,0.334467,-0.063367,-0.148876,-0.059992,0.136093,0.621971,0.103935,0.058716,0.099449,0.446090,0.360405,0.217926,-0.017103,-0.518594,0.354297,-0.002856,0.014959,-0.213958,0.396523,0.029370,0.576841,0.432436,0.704598,0.267272,-0.073728,0.123551,-0.205587,0.039460,-0.008358,0.158880,0.473441,0.564375,0.357845,0.104382,0.275400,0.444331,0.122437,0.143537,0.299610,-0.419058,-0.409438,0.046387,0.180255,0.120445,-0.002535,-0.041284,0.313212,-0.021170,0.325600,0.093478,-0.086316,-0.180648,-0.308426,0.324037,0.181458,-0.314324,-0.275499,-0.014494,0.149610,0.088004,0.301205,-0.117590,-0.086094,0.042817,0.191621,0.000388,0.561922,0.431317,0.580320,0.366885,0.059165,0.284263,0.329152,0.474768,0.188673,0.072594,-0.350814,0.721613,0.758044,0.444928,0.619926,1.044635,0.817431,0.511989,-0.015851,0.201714,-0.503754,-0.111343,-0.145945,-0.064191,-0.047523,0.128120,0.001293,-0.294563,0.116607,-0.052864,0.110381,0.027570
0.294196,-0.212623,0.520316,-0.154785,0.393685,0.232733,-0.450730,-0.001569,-0.478293,0.148956,0.429612,-0.228301,0.267991,-0.191666,0.085494,-0.183364,0.857884,0.271481,-0.538264,0.326137,-0.361056,0.380741,0.675212,-0.156436,-0.197189,0.329206,0.397002,0.002427,-0.275397,0.159016,-0.187441,-0.321863,0.297327,-0.382781,-0.026918,-0.185081,0.097672,-0.148827,0.061282,-0.048286,-0.558814,-0.081360,-0.585712,-0.120682,0.119515,0.040492,-0.522448,0.084293,-0.052750,0.223525,0.671493,-0.068383,-0.239822,0.049135,0.043306,-0.709651,-0.304832,-0.529344,0.670792,0.338202,-0.428655,-0.361264,0.288777,0.378405,0.084558,0.157638,0.335240,0.362585,0.265187,0.675809,-0.068549,-0.198552,-0.395659,0.116537,0.515104,0.089787,-0.083196,-0.044616,-0.359562,-0.355616,0.074200,-0.219458,-0.020859,0.853997,0.253176,0.256601,0.600673,-0.254722,-0.481765,0.117503,-0.068833,0.853353,-0.216521,-0.275762,0.007094,-0.674357,-0.333997,-0.164152,-0.272943,0.086642,-0.188101,-0.170659,-0.237211,-0.024357,-0.338289,-0.149303,-0.101111,0.643580,-0.498463,-0.050094,-0.421758,-0.209277,0.442201,-0.071706
0.712442,0.176705,0.660096,0.637320,0.861301,0.543457,0.580594,0.747273,0.519176,0.654864,0.424549,0.805106,0.596194,0.578246,0.773159,0.256375,1.292733,0.150167,0.004928,0.672460,0.036512,1.025231,0.801811,0.785514,0.744240,0.558242,0.789576,-0.029010,0.216462,0.290941,0.743157,0.391587,0.755722,-0.050491,0.604145,1.024280,0.373653,0.597885,0.560566,0.839953,0.224609,0.744240,0.180899,0.368418,1.034846,0.202618,0.352977,0.579581,0.285389,0.748570,0.904637,0.568156,0.200184,0.938793,0.065193,0.045534,0.831947,0.420225,1.142712,1.192381,0.418933,0.214834,0.704234,0.235389,1.272378,0.682817,1.289139,1.084667,0.212012,1.124455,0.746336,0.578022,0.497336,0.442009,0.269289,0.399868,0.181705,0.897462,0.013668,0.278550,0.307306,-0.060842,0.651400,0.571259,0.428438,-0.092883,0.554027,0.190098,-0.395642,-0.066101,0.071356,0.811975,-0.169552,0.768898,0.361960,-0.132236,0.029578,0.414064,-0.019424,0.780743,-0.042532,-0.122650,0.747722,0.276387,-0.123833,-0.165140,0.247266,0.614562,0.781310,0.892494,0.865264,0.830294,0.661892,0.922390
0.487991,0.201664,0.708423,0.638558,0.581881,0.683930,0.496478,0.571484,0.445837,0.667110,0.310800,0.719360,0.619622,0.614250,0.586611,0.565346,1.320748,0.022213,0.483842,0.563147,0.046114,0.744166,0.480851,0.714761,0.386992,0.949167,0.459302,0.413548,0.496047,0.403493,0.610703,0.479330,0.604886,0.067389,0.614523,0.864845,0.556229,0.806367,0.916055,0.652608,0.301367,0.303940,0.452048,0.365893,0.412229,0.617641,0.320985,0.469602,0.547842,0.772968,0.962746,0.498567,0.513725,0.533340,0.417485,0.231997,0.503794,0.544665,0.701545,0.626178,0.559976,0.855056,0.781634,0.153029,0.792812,0.417331,0.516177,0.721444,0.142716,0.897418,0.503797,0.292327,0.544147,0.461884,0.579391,0.401724,0.546370,0.339130,0.537863,0.631515,0.435720,0.315500,0.653094,0.806649,0.917563,0.697371,0.878861,0.795719,0.336180,0.764902,0.389425,0.645435,0.186615,0.369895,0.514804,0.379067,0.729036,0.994362,0.263836,1.081297,0.783848,0.563586,0.034845,0.067141,0.215815,-0.024821,-0.168374,0.536456,0.471455,0.355571,0.436176,0.163182,0.094493,0.219504
-0.115187,0.348652,0.127540,0.537085,0.218338,-0.150990,0.355666,0.644899,0.196654,0.345429,0.483101,0.499894,0.359328,0.243017,0.589473,0.033791,0.631531,0.196751,0.011513,0.091193,-0.006584,0.778551,0.254159,0.501819,-0.273202,0.010177,0.617748,0.078144,0.366106,0.033007,0.170350,0.231043,0.048899,0.121229,0.295136,0.776390,0.592293,0.698532,0.721426,0.209546,-0.292317,0.281849,0.046569,-0.096892,-0.141703,0.147287,0.358824,0.065546,-0.115744,0.688861,0.660685,0.465332,-0.212685,0.500835,-0.142078,0.339466,0.188533,0.617498,0.865874,0.466643,0.575415,0.643185,0.080913,0.338535,0.718259,0.559699,0.229272,0.269346,0.462610,0.975984,0.764939,1.037185,0.376303,0.190198,0.454354,0.565241,-0.011800,0.901498,0.042858,0.162165,0.546348,-0.014889,0.595171,0.272769,0.527854,0.423387,0.916340,0.476564,0.174172,0.528358,0.058860,0.927456,0.227206,0.581755,0.650342,0.123564,0.386849,0.570015,0.183051,0.340197,0.193165,0.314177,0.194847,0.577606,-0.170911,0.377225,0.011994,0.549112,0.098367,-0.289842,-0.115620,0.356231,-0.026257,-0.242016
0.481711,0.526784,0.741796,0.702966,0.765899,1.163677,0.824392,1.004367,0.987504,0.694376,0.699004,1.052078,0.587514,0.292484,0.777718,1.142419,1.149591,0.670065,0.192170,0.931845,-0.026452,1.264000,0.842946,0.117264,-0.110156,1.579957,0.253909,0.093982,0.256478,0.636413,0.594153,0.381473,0.736519,0.293092,0.749221,0.660170,0.825666,0.918462,0.854742,0.699205,0.337161,0.544485,0.427354,0.404691,1.009590,0.648612,0.563504,0.712126,0.533173,1.015846,0.516498,0.647904,0.338607,0.890836,0.502634,0.272438,0.401744,0.171561,0.707897,0.769717,0.523240,0.031299,0.499647,0.433588,0.548094,0.181577,0.888286,0.708460,0.739714,0.896453,0.391460,-0.214102,-0.064969,0.348774,0.010936,0.123915,0.073911,0.081477,0.319067,0.619283,0.819954,0.374635,1.004800,0.939342,1.375833,0.475827,1.038731,0.158928,0.183939,0.510099,0.713226,0.971159,0.673554,1.135859,0.606797,0.766630,0.796009,1.091057,0.738976,1.255673,0.575585,0.582247,-0.199518,-0.157348,-0.258503,-0.147126,-0.182473,0.440766,0.216339,0.231590,0.430105,-0.054629,-0.153053,-0.013300
0.166845,-0.372095,0.635587,0.265018,0.021352,0.193127,0.137954,-0.171435,0.139468,0.263531,0.038301,-0.016739,-0.211492,-0.151239,-0.104258,-0.130719,0.704907,-0.173339,-0.054655,-0.055253,0.273502,0.842519,-0.021702,0.366383,0.295002,0.577740,0.204244,0.148371,0.483456,0.198417,0.329026,0.246300,0.152417,0.094492,0.229721,0.534510,0.466925,0.643083,0.577708,-0.007105,0.150902,0.202957,0.103361,-0.064256,-0.008576,0.113380,0.700162,0.019185,-0.075297,0.186917,1.126757,0.556126,0.392278,0.268065,-0.112696,-0.268353,-0.177900,-0.004367,-0.012395,-0.120477,0.042518,-0.270220,0.475273,-0.099239,0.504850,0.223926,-0.061868,-0.107436,-0.254593,0.396101,0.127998,-0.157709,-0.109096,0.254226,0.553762,0.587745,0.372356,0.040846,0.096401,0.288969,0.063362,0.055534,0.218325,0.225560,0.412067,0.331451,0.293754,1.421917,0.724883,0.398058,0.167521,-0.062496,0.028301,0.047225,0.597523,0.727429,0.760148,1.025514,0.693330,1.041428,0.433008,0.509807,-0.064629,0.566903,-0.033043,0.069322,0.189905,-0.123305,-0.059841,-0.283741,-0.252138,0.507937,0.704481,0.109581
0.398422,0.011752,0.438539,0.619818,0.325630,0.469010,0.635307,0.380969,0.179936,0.545372,0.170421,0.375259,-0.100343,0.190081,-0.079523,0.335391,1.148951,0.510897,0.549062,0.104492,0.514541,0.872880,0.402701,0.191850,0.269864,0.674808,0.304779,0.229193,0.268271,0.230114,0.414879,0.148343,0.437226,0.258944,0.739714,0.363548,0.567899,0.452597,0.571357,0.519129,0.386482,0.297750,0.785939,0.154942,0.391969,0.630038,0.457193,1.022675,0.834597,0.317002,1.216351,0.247285,0.939348,0.256827,0.836812,0.294947,0.174907,0.445308,0.656584,0.634481,0.370581,0.221390,0.549260,0.215244,0.654929,0.647084,0.311519,0.699545,0.052239,1.096791,0.398856,-0.020363,0.018431,0.479480,0.110237,0.027840,0.089523,0.242523,-0.009513,0.506761,0.092119,0.460667,0.666551,0.354887,0.355687,0.579612,0.386079,0.616963,0.284706,0.746860,0.746915,0.592928,0.261211,0.890686,0.418915,0.557500,0.644406,0.976818,0.571737,0.774409,0.466374,0.420431,0.389681,0.471487,0.359432,0.194034,0.652568,0.436739,0.503469,0.379297,0.356624,0.500908,0.549557,0.657910
0.742415,0.280586,0.702568,0.450793,0.834649,0.597401,0.599675,0.518161,0.514088,0.639829,0.313685,0.731321,0.484635,0.543185,0.609872,0.093596,0.721609,0.162509,0.378205,0.140684,0.595500,1.319495,0.490551,0.496910,0.684862,0.557340,0.527921,0.610815,0.513246,0.478532,0.562821,0.237177,0.535548,0.281386,0.669645,0.275862,0.700505,0.783348,1.149119,0.390785,0.183183,0.444958,0.167123,0.057063,0.324415,0.365491,0.144712,0.394205,-0.003067,0.520193,1.457980,0.014373,-0.127428,0.226879,0.258488,0.274034,0.552264,0.556779,0.764824,0.647270,0.569872,0.260686,-0.052243,0.473534,0.663510,0.569237,0.396880,0.593266,0.508832,0.811566,0.693984,-0.136179,0.284148,0.193578,0.165930,0.473279,0.218522,0.128008,-0.125674,-0.102737,0.372622,0.022456,0.781779,0.688929,0.977832,0.438494,0.462691,1.391824,0.731789,0.599218,-0.012312,0.402950,0.020590,0.553080,0.601083,1.024293,0.885369,1.334543,0.612336,1.088068,0.772668,1.204632,0.309964,0.582481,-0.160915,0.351726,0.203866,0.160053,0.168972,0.124391,0.114389,0.673334,0.677787,0.352215
0.659586,0.192398,0.885890,0.279447,0.288824,0.581588,0.395669,0.321828,0.048146,0.323110,0.294517,0.228018,0.207045,0.449786,0.196681,-0.147945,0.732076,0.258880,0.389743,0.456719,0.093585,0.868434,0.459607,0.428922,-0.085920,0.323672,-0.289164,-0.130454,0.434145,0.207838,0.251758,0.248203,-0.091778,0.000930,-0.105362,0.507043,0.791983,0.885721,0.607114,0.522826,0.138138,-0.033243,0.174582,0.323213,0.337900,0.059714,0.158745,-0.274458,-0.214027,0.628543,1.067858,0.232388,0.139023,0.311640,-0.556796,0.211281,0.426055,0.391120,0.120127,0.070937,0.310981,0.109083,-0.168722,0.200037,0.637766,0.160274,0.488249,0.333642,0.147281,0.411202,0.381564,-0.195076,-0.167519,-0.477909,-0.085327,0.301064,0.155328,-0.434747,0.166918,0.230455,0.363487,0.203735,0.469307,0.576963,0.573508,0.311389,0.123005,0.073690,0.151229,0.015078,0.121529,0.310073,-0.345403,0.023729,0.624344,0.226760,0.148586,0.195401,0.344115,0.392493,0.227648,0.087951,-0.151011,0.120179,0.059883,-0.198884,0.030526,-0.141510,-0.481768,-0.614223,-0.158187,-0.070925,0.009858,-0.461527
0.291819,0.475991,0.622432,0.254412,0.336813,0.056984,0.561541,0.188345,0.141471,0.221213,0.233802,0.470370,0.255744,0.311962,0.548979,0.724742,0.508373,0.102450,-0.157885,0.193965,0.213865,0.504534,0.308320,0.317167,0.188556,0.734599,0.712780,0.209921,0.325926,-0.054854,0.433659,-0.172451,0.103779,0.031332,0.534041,0.282992,0.900217,0.371430,1.014819,0.449256,-0.051256,0.812086,-0.129730,0.124948,0.088777,0.403538,0.253875,0.292839,0.573541,0.569263,1.236544,0.182068,0.373706,-0.046350,0.606494,-0.411341,0.230910,-0.189533,0.276501,0.312423,-0.455067,-0.349971,-0.143907,-0.359473,0.278082,0.137875,0.378443,0.011815,-0.255165,0.365787,0.256250,0.069752,0.022324,0.100727,0.007275,0.080243,-0.429020,0.181364,-0.131842,0.121667,0.243081,0.446303,0.366264,0.092956,0.503757,-0.295344,-0.049830,0.161455,-0.229540,-0.199403,0.367154,0.357868,0.054533,0.985384,0.891637,0.422770,0.626861,0.150510,0.532516,0.556261,-0.154888,0.110835,0.148412,-0.231450,-0.093034,-0.216488,-0.416418,-0.314473,0.507367,-0.026122,0.169062,0.438661,0.084727,0.530985
0.136731,0.424278,0.115614,0.664125,0.457860,0.241671,0.348947,0.345485,0.629861,0.670304,0.207941,0.384604,0.383210,0.517324,0.599561,0.756862,1.354947,0.236491,0.447037,0.671317,0.367421,0.868384,0.659369,0.645002,0.422262,0.288649,0.588615,0.310191,0.546743,0.306569,0.343847,-0.025356,0.183313,0.196601,0.407039,0.483897,0.438839,0.613801,0.454685,0.380505,0.192057,0.411123,0.516328,0.082070,0.239961,0.233875,0.266227,0.434384,0.154018,0.670424,1.267988,0.252034,0.458765,0.436238,0.286927,0.107603,0.347391,0.924645,0.411034,0.513963,0.669780,0.491368,0.664365,0.668082,0.663782,-0.029256,0.596274,0.285495,0.128947,0.427310,0.356172,-0.144963,-0.219993,0.268196,-0.168733,0.082373,-0.086179,-0.057360,-0.098158,0.094871,0.488151,-0.002376,0.554857,0.503848,0.979078,0.449735,1.192646,0.848600,0.604752,0.176311,0.244459,0.861122,-0.304335,0.706164,0.577669,0.432646,0.436563,0.877437,0.355777,0.769943,-0.338547,-0.406670,-0.120049,0.010612,-0.197857,0.302675,0.018420,0.541327,0.313172,0.239421,0.154899,-0.113151,-0.190532,-0.045794
0.376803,0.084151,0.288065,-0.004486,0.002421,0.246770,-0.130331,-0.328367,-0.201548,0.150702,-0.244027,0.027682,-0.052783,0.223441,0.440664,0.186147,0.424180,0.127480,0.061518,0.078342,0.046687,0.927956,0.070054,-0.141483,0.004280,0.198927,-0.267052,-0.312762,-0.249079,0.093421,-0.017263,-0.187591,-0.308787,-0.023345,-0.370820,0.094845,0.262140,0.098485,0.603409,0.549671,0.127478,0.098952,-0.085637,0.106713,-0.044526,-0.340950,-0.043137,0.283772,0.284068,0.147150,0.469064,0.320592,-0.065878,0.160670,0.209579,-0.185428,-0.261338,-0.381397,0.260246,0.032216,-0.527613,-0.281938,-0.124935,-0.403538,0.119471,0.102971,0.245438,-0.373138,-0.463428,0.320211,0.082014,0.184655,-0.088264,0.097913,-0.112743,-0.035398,0.163138,0.101425,-0.215952,-0.065777,0.220676,-0.121121,-0.186371,-0.121011,0.502740,-0.185280,0.298278,0.480974,0.113577,-0.084235,-0.022371,0.202281,-0.181211,0.774165,0.475792,0.476591,0.661826,0.466518,0.248295,1.031894,0.832316,0.543072,-0.368760,-0.251444,0.007004,-0.274909,-0.067073,-0.156245,0.075044,-0.337673,0.266034,-0.173856,-0.401163,-0.278638
0.578445,0.522109,0.671533,1.068879,0.854416,0.533885,1.170733,1.209926,1.028961,1.115082,0.576691,0.942567,0.804070,1.482582,0.824018,0.748676,1.368048,0.476474,0.692112,0.756350,0.590997,1.700475,1.189320,1.049586,0.964150,0.644412,0.786937,0.608862,0.734660,0.610051,0.616085,-0.114590,0.665915,-0.062689,0.687824,0.863086,0.796783,1.081930,0.685500,0.872854,0.193903,0.753172,0.671958,0.088689,0.739885,-0.080622,0.512368,0.806942,0.101896,1.119084,1.063494,0.305348,0.314174,0.682483,0.221200,0.225893,0.648859,0.916771,1.635958,1.275523,0.841678,0.387031,0.667982,0.523970,1.145360,0.722504,0.820006,1.131351,0.418974,1.825392,1.074763,0.054284,0.166401,-0.007004,-0.061931,0.301821,0.191673,0.107238,-0.322713,-0.164928,0.838442,-0.293180,0.809755,0.806507,1.185949,-0.216463,1.109319,0.986476,0.406634,-0.195525,-0.142830,1.072169,0.085699,0.913825,0.329009,0.582165,0.572982,1.356761,0.042875,1.096444,0.174077,0.280787,0.139665,0.338049,0.359362,0.343370,0.252936,0.879813,0.653515,0.602642,0.630055,0.442684,0.588973,0.255796
0.308585,0.042709,0.206112,0.086476,0.081958,0.161588,0.554833,0.123740,0.223923,0.061967,0.164965,0.022642,0.224814,0.420786,0.449042,-0.081449,0.745584,-0.005491,0.263967,0.457927,-0.002330,0.655603,0.593147,0.392970,0.282166,-0.204106,0.465884,0.394444,0.469658,0.251836,0.119812,0.192367,0.202258,0.230986,-0.216357,0.701176,0.579452,0.411380,0.819571,0.720122,0.650205,0.010808,0.064813,0.575577,0.658705,-0.179841,0.444905,-0.081393,-0.151238,0.600881,0.028268,0.438511,0.319115,0.501282,-0.247305,0.061158,-0.145484,-0.118858,0.504296,0.354402,0.013337,-0.070297,-0.036678,0.082994,0.334837,0.160686,0.295392,0.262752,0.200174,0.408036,0.098903,-0.196369,-0.370295,-0.102118,-0.105898,0.330328,0.149787,-0.021130,-0.015227,0.008982,-0.013149,-0.211907,-0.342210,0.088848,0.438060,0.082292,0.690411,0.116591,0.197122,-0.091089,-0.233408,0.869920,-0.580117,0.006663,0.307155,0.549959,0.578213,1.054715,0.936271,0.841354,0.288051,0.032557,-0.273969,0.122769,0.045012,0.016521,-0.123068,0.346305,0.355750,0.360909,0.237443,0.074250,0.307596,-0.233406
0.336820,0.192042,0.443166,0.217793,0.207513,0.396086,0.241874,0.327618,0.477743,0.028202,-0.052402,0.312031,0.673219,0.669214,0.601049,0.301315,0.958905,0.106658,0.325527,0.691136,0.382103,0.805134,0.526358,0.328233,0.359406,0.610536,0.141476,0.432020,0.284454,0.115715,0.134564,0.242682,0.048509,0.182313,0.184692,0.200471,0.628844,0.256516,0.886218,0.542962,0.304818,0.174921,0.127799,0.397820,0.284302,0.431008,0.222392,0.254446,0.272640,0.281624,0.985234,0.487957,0.108660,0.093060,0.196998,0.030871,0.546675,-0.080300,0.802066,0.954303,0.075741,0.033434,0.471771,-0.069425,0.344539,0.243518,0.291828,0.752844,-0.138836,0.500159,0.727640,0.367151,0.275394,-0.110983,0.423653,0.364698,0.266040,0.630633,0.536097,0.035001,0.494962,0.624740,0.340681,0.528555,0.534829,0.531770,0.300518,0.955160,0.295253,0.409356,0.107351,0.714299,0.130443,0.627274,0.802001,0.461678,0.418575,0.902541,0.095489,0.825687,0.504849,0.394918,0.079201,0.228851,0.077736,0.192763,0.398505,0.221345,-0.011220,-0.128299,-0.092421,0.130406,0.121702,0.318881
0.807885,-0.169924,0.735820,0.357556,0.351529,0.512732,0.125844,0.504227,0.171243,0.415060,0.150801,0.265159,0.369625,0.420918,0.320377,-0.026981,0.739510,0.046939,0.495027,0.446369,0.540655,0.916996,0.578861,0.382634,0.760327,0.591550,0.671600,0.507777,0.359276,0.076614,0.547068,0.162615,0.102331,0.302948,0.455300,0.204710,0.653536,0.644512,0.600115,0.374190,0.443868,0.656386,-0.400755,0.327697,0.323786,0.329532,0.353631,-0.164776,-0.045836,0.316149,0.639567,0.219040,-0.379740,0.302518,0.017036,-0.073437,-0.031220,0.023792,0.162266,0.130657,0.139113,-0.312600,0.465177,0.382902,0.864934,0.586088,0.619107,0.197971,0.219716,0.382984,0.145297,0.083653,-0.139060,0.325669,0.447934,1.026922,0.343490,0.073181,-0.065805,0.108076,0.756599,-0.064875,1.030348,0.994670,0.878436,0.903085,0.310368,0.842181,0.678030,0.711329,-0.095347,0.612352,-0.299297,0.212119,0.280120,0.700046,0.545293,0.891521,0.251171,0.490042,0.180853,0.271441,0.091286,0.503706,-0.093478,0.429953,0.269149,0.556790,0.187894,-0.230256,0.362380,0.467510,-0.039567,0.535419
0.248499,0.390730,0.427991,0.444575,0.020005,0.148766,0.605937,0.016547,0.387702,0.468827,-0.244589,0.083284,0.238043,0.094663,0.406047,0.644071,0.678416,-0.331562,0.036512,0.507248,-0.032377,0.697048,0.109653,0.458439,0.030024,0.251953,0.644893,-0.013629,0.081743,0.184082,0.097488,0.147234,-0.058564,-0.028624,0.439737,0.352732,0.486752,0.613009,0.859407,0.245467,0.292041,0.980786,-0.305272,0.333762,0.507568,0.437819,0.463808,0.590100,0.535590,0.747083,0.973741,0.518008,-0.403744,0.646142,0.455810,-0.011013,-0.412243,0.009647,0.017937,-0.286240,-0.111342,-0.487979,-0.086728,0.557829,0.274219,-0.243269,-0.241831,-0.198463,0.363849,0.108721,-0.074492,-0.139923,0.095618,0.578356,0.153987,0.238565,0.164717,-0.010264,0.153380,0.150009,0.694787,0.253583,0.202277,0.061321,0.817945,0.094781,0.614690,0.546148,0.292230,0.288462,0.207425,0.767371,-0.478561,0.635918,1.014252,0.790297,0.878961,0.740652,0.696770,0.873256,0.668554,0.823491,-0.227791,0.071629,0.076355,0.222129,0.168891,-0.199922,-0.298877,-0.424086,-0.575457,0.505168,0.357058,0.510585
0.367828,0.026122,0.537367,0.296791,0.480627,0.411901,0.127790,0.367805,0.236114,0.174385,-0.042841,0.317064,0.015543,0.468802,0.238279,-0.139291,0.842635,0.011363,0.326772,0.389857,-0.354926,0.682377,0.481752,0.323798,-0.040769,0.449941,0.027294,-0.030459,0.227468,-0.250184,0.330615,-0.045194,0.204756,0.028858,0.229258,0.854866,0.601437,0.808419,0.413210,0.840438,0.474512,0.074672,0.073985,0.373069,0.720595,0.280455,0.715774,0.002105,-0.118572,0.322484,0.313661,0.395113,0.100749,0.553816,-0.182782,0.164183,0.010349,0.310675,0.252331,0.034348,0.363600,0.071636,-0.046701,0.059599,0.612242,0.117689,0.397936,0.080496,0.016534,0.286024,-0.007021,-0.072813,-0.249130,0.128472,0.063480,0.359717,-0.211052,-0.186151,0.226163,0.367673,0.102192,0.066692,0.222992,0.472124,0.630189,0.170329,0.916657,0.194099,0.043274,0.198526,0.153047,0.937028,-0.125335,0.420055,0.780022,0.496741,0.405660,1.106160,0.117187,0.610140,0.165744,0.346803,-0.487852,-0.236449,-0.281897,-0.072271,-0.528681,-0.015652,-0.164848,-0.167076,-0.100791,-0.371874,-0.429608,-0.479973
