Cluster 1/119 connectivity between M_ROI_IFGoper_r and M_ROI_PaCiG_r at Go_dual,Cluster 1/119 connectivity between M_ROI_pSMG_r and M_ROI_PaCiG_r at Go_dual,Cluster 1/119 connectivity between M_ROI_pSMG_r and M_ROI_PaCiG_l at Go_dual,Cluster 1/119 connectivity between M_ROI_IFGoper_r and M_ROI_PaCiG_l at Go_dual,Cluster 1/119 connectivity between M_ROI_IFGoper_r and M_ROI_FP_r at Go_dual,Cluster 1/119 connectivity between M_ROI_pSMG_r and M_ROI_IFGoper_l at Go_dual,Cluster 1/119 connectivity between M_ROI_IFGoper_r and M_ROI_FP_l at Go_dual,Cluster 2/119 connectivity between M_ROI_SPL_r and M_ROI_pSMG_l at Go_dual,Cluster 2/119 connectivity between M_ROI_SPL_r and M_ROI_MidFG_l at Go_dual,Cluster 2/119 connectivity between M_ROI_SFG_l and M_ROI_MidFG_l at Go_dual,Cluster 2/119 connectivity between M_ROI_SFG_r and M_ROI_MidFG_l at Go_dual,Cluster 2/119 connectivity between M_ROI_SPL_l and M_ROI_pSMG_l at Go_dual,Cluster 2/119 connectivity between M_ROI_SPL_l and M_ROI_MidFG_l at Go_dual,Cluster 3/119 connectivity between M_ROI_pSMG_r and M_ROI_SFG_r at Go_dual,Cluster 3/119 connectivity between M_ROI_IFGoper_r and M_ROI_SFG_r at Go_dual,Cluster 3/119 connectivity between M_ROI_IFGoper_r and M_ROI_SFG_l at Go_dual,Cluster 3/119 connectivity between M_ROI_pSMG_r and M_ROI_SFG_l at Go_dual,Cluster 3/119 connectivity between M_ROI_IFGoper_r and M_ROI_SPL_l at Go_dual,Cluster 4/119 connectivity between M_ROI_Cereb2_r and M_ROI_AC at Go_dual,Cluster 4/119 connectivity between M_ROI_Cereb2_r and M_ROI_IC_l at Go_dual,Cluster 4/119 connectivity between M_ROI_Cereb1_r and M_ROI_AC at Go_dual,Cluster 4/119 connectivity between M_ROI_Cereb2_r and M_ROI_IC_r at Go_dual,Cluster 4/119 connectivity between M_ROI_Cereb1_r and M_ROI_PC at Go_dual,Cluster 4/119 connectivity between M_ROI_Cereb2_l and M_ROI_PC at Go_dual,Cluster 4/119 connectivity between M_ROI_Cereb1_r and M_ROI_IC_l at Go_dual,Cluster 4/119 connectivity between M_ROI_Cereb2_l and M_ROI_IC_l at Go_dual,Cluster 4/119 connectivity between M_ROI_Cereb2_l and M_ROI_AC at Go_dual,Cluster 5/119 connectivity between M_ROI_CO_l and M_ROI_aSMG_r at Go_dual,Cluster 5/119 connectivity between M_ROI_PT_l and M_ROI_aSMG_r at Go_dual,Cluster 5/119 connectivity between M_ROI_CO_l and M_ROI_PO_r at Go_dual,Cluster 5/119 connectivity between M_ROI_PT_l and M_ROI_CO_r at Go_dual,Cluster 5/119 connectivity between M_ROI_PO_l and M_ROI_aSMG_r at Go_dual,Cluster 5/119 connectivity between M_ROI_pSTG_l and M_ROI_aSMG_r at Go_dual,Cluster 6/119 connectivity between M_ROI_PaCiG_r and M_ROI_SFG_l at Go_dual,Cluster 6/119 connectivity between M_ROI_PaCiG_r and M_ROI_SPL_l at Go_dual,Cluster 6/119 connectivity between M_ROI_PaCiG_l and M_ROI_SPL_l at Go_dual,Cluster 6/119 connectivity between M_ROI_PaCiG_r and M_ROI_SFG_r at Go_dual,Cluster 6/119 connectivity between M_ROI_PaCiG_r and M_ROI_SPL_r at Go_dual,Cluster 6/119 connectivity between M_ROI_FP_l and M_ROI_SFG_l at Go_dual,Cluster 6/119 connectivity between M_ROI_FP_l and M_ROI_SPL_r at Go_dual,Cluster 6/119 connectivity between M_ROI_FP_l and M_ROI_SPL_l at Go_dual,Cluster 6/119 connectivity between M_ROI_PaCiG_l and M_ROI_SFG_r at Go_dual,Cluster 6/119 connectivity between M_ROI_FP_l and M_ROI_SFG_r at Go_dual,Cluster 6/119 connectivity between M_ROI_PaCiG_l and M_ROI_SPL_r at Go_dual,Cluster 6/119 connectivity between M_ROI_IFGoper_l and M_ROI_SPL_r at Go_dual,Cluster 6/119 connectivity between M_ROI_FP_r and M_ROI_SPL_l at Go_dual,Cluster 6/119 connectivity between M_ROI_FP_r and M_ROI_SFG_l at Go_dual,Cluster 6/119 connectivity between M_ROI_Precuneus and M_ROI_SPL_l at Go_dual,Cluster 7/119 connectivity between M_ROI_PaCiG_r and M_ROI_pSMG_l at Go_dual,Cluster 7/119 connectivity between M_ROI_PaCiG_r and M_ROI_MidFG_l at Go_dual,Cluster 7/119 connectivity between M_ROI_PaCiG_l and M_ROI_pSMG_l at Go_dual,Cluster 7/119 connectivity between M_ROI_PaCiG_l and M_ROI_MidFG_l at Go_dual,Cluster 8/119 connectivity between M_ROI_aSMG_l and M_ROI_SMA_l at Go_dual,Cluster 8/119 connectivity between M_ROI_aSMG_l and M_ROI_SMA_r at Go_dual,Cluster 8/119 connectivity between M_ROI_aSMG_l and M_ROI_PreCG_r at Go_dual,Cluster 8/119 connectivity between M_ROI_aSMG_l and M_ROI_PreCG_l at Go_dual,Cluster 8/119 connectivity between M_ROI_aSMG_l and M_ROI_PostCG_l at Go_dual,Cluster 9/119 connectivity between M_ROI_SFG_l and M_ROI_SPL_r at Go_dual,Cluster 9/119 connectivity between M_ROI_SFG_l and M_ROI_SPL_l at Go_dual,Cluster 9/119 connectivity between M_ROI_SFG_l and M_ROI_SFG_r at Go_dual,Cluster 9/119 connectivity between M_ROI_SFG_r and M_ROI_SPL_r at Go_dual,Cluster 10/119 connectivity between M_ROI_Cereb2_r and M_ROI_PO_r at Go_dual,Cluster 10/119 connectivity between M_ROI_Cereb2_r and M_ROI_PT_r at Go_dual,Cluster 10/119 connectivity between M_ROI_Cereb1_r and M_ROI_aSMG_r at Go_dual,Cluster 10/119 connectivity between M_ROI_Cereb1_r and M_ROI_PO_r at Go_dual,Cluster 10/119 connectivity between M_ROI_Cereb2_r and M_ROI_CO_r at Go_dual,Cluster 10/119 connectivity between M_ROI_Cereb1_r and M_ROI_PT_r at Go_dual,Cluster 10/119 connectivity between M_ROI_Cereb1_r and M_ROI_CO_r at Go_dual,Cluster 10/119 connectivity between M_ROI_Cereb2_l and M_ROI_PO_r at Go_dual,Cluster 10/119 connectivity between M_ROI_Cereb2_l and M_ROI_PT_r at Go_dual,Cluster 10/119 connectivity between M_ROI_Cereb2_l and M_ROI_CO_r at Go_dual,Cluster 10/119 connectivity between M_ROI_Cereb1_l and M_ROI_aSMG_r at Go_dual,Cluster 11/119 connectivity between M_ROI_aSMG_r and M_ROI_SMA_l at Go_dual,Cluster 11/119 connectivity between M_ROI_aSMG_r and M_ROI_PreCG_l at Go_dual,Cluster 11/119 connectivity between M_ROI_aSMG_r and M_ROI_SMA_r at Go_dual,Cluster 11/119 connectivity between M_ROI_aSMG_r and M_ROI_PostCG_l at Go_dual,Cluster 11/119 connectivity between M_ROI_CO_r and M_ROI_SMA_l at Go_dual,Cluster 11/119 connectivity between M_ROI_PO_r and M_ROI_PreCG_l at Go_dual,Cluster 11/119 connectivity between M_ROI_aSMG_r and M_ROI_PreCG_r at Go_dual,Cluster 11/119 connectivity between M_ROI_PO_r and M_ROI_PostCG_l at Go_dual,Cluster 11/119 connectivity between M_ROI_PT_r and M_ROI_SMA_l at Go_dual,Cluster 11/119 connectivity between M_ROI_PT_r and M_ROI_PreCG_l at Go_dual,Cluster 12/119 connectivity between M_ROI_Putamen_l and M_ROI_IC_l at Go_dual,Cluster 12/119 connectivity between M_ROI_Thalamus_l and M_ROI_IC_r at Go_dual,Cluster 12/119 connectivity between M_ROI_Putamen_l and M_ROI_PC at Go_dual,Cluster 12/119 connectivity between M_ROI_Thalamus_r and M_ROI_AC at Go_dual,Cluster 12/119 connectivity between M_ROI_Putamen_r and M_ROI_PC at Go_dual,Cluster 13/119 connectivity between M_ROI_aSMG_r and M_ROI_PO_r at Go_dual,Cluster 13/119 connectivity between M_ROI_aSMG_r and M_ROI_PT_r at Go_dual,Cluster 13/119 connectivity between M_ROI_PO_r and M_ROI_PT_r at Go_dual
0.678024,0.407985,0.452160,0.725855,1.091970,0.514696,0.618776,0.479839,0.318106,1.192929,1.200577,0.696860,0.407387,0.445619,0.776367,0.775368,0.451852,0.169373,-0.017868,-0.054839,0.169937,0.122303,-0.080176,-0.218252,-0.178825,-0.014399,0.059471,0.174371,0.083018,0.439745,-0.085924,0.226499,0.137824,0.659142,0.362568,0.485666,0.693324,0.256954,0.766469,0.004223,0.126244,0.653169,0.808253,0.341669,0.303136,0.196427,1.109016,0.909016,0.741394,0.708230,0.863690,0.804361,0.306216,0.335208,0.335117,0.665343,0.737480,0.141339,0.262762,1.207148,-0.017628,-0.023573,0.090635,0.159750,0.200656,-0.171237,0.140401,-0.100999,-0.119511,0.078402,-0.078976,0.431073,0.265747,0.567879,0.262219,0.251112,0.305817,0.606577,0.362337,0.488789,0.418548,0.453466,0.414546,0.123370,0.180330,0.603699,0.058974,0.596931,0.531154,0.773603
0.658424,0.828015,0.390398,0.685442,0.656248,0.029296,0.526815,0.439517,0.370346,0.807672,0.391240,0.641395,0.796494,0.123227,0.021548,0.075078,0.200544,0.336218,-0.267635,-0.053925,-0.330840,0.205185,-0.271190,-0.078394,-0.184618,-0.156542,-0.237829,1.027027,0.659907,0.856790,0.152774,0.780640,0.579416,0.121998,0.659214,0.479141,0.021522,0.546978,0.313208,0.633795,1.068687,-0.069301,0.158118,0.508331,0.237343,0.604449,0.088518,0.699104,1.067421,0.609603,0.687523,0.449039,0.448098,0.336747,0.587932,0.647275,1.112010,0.019411,0.323649,0.773255,-0.037077,-0.058435,0.034943,-0.039563,0.018979,-0.145108,-0.070571,-0.080804,-0.193280,-0.103184,-0.213542,-0.303546,0.531115,0.505983,0.424699,0.718254,0.148142,0.385055,0.625113,0.340286,0.339887,0.119292,0.495481,0.113052,0.375060,0.195777,0.561611,0.698420,0.512094,1.207122
0.336882,0.375752,-0.160673,0.393054,1.011620,0.416140,0.439057,0.032894,-0.008820,0.892048,0.232476,0.810201,0.652122,0.809320,0.385109,0.501341,0.365129,0.319480,0.156555,0.186733,-0.069837,0.112450,-0.134793,0.061786,0.037425,0.071169,0.042471,0.763715,0.082286,0.300086,0.185195,0.317275,-0.055999,0.236357,-0.077279,0.166237,0.136005,0.087148,0.669359,0.111572,0.762759,-0.195746,0.263795,-0.181576,0.222965,0.224670,0.437396,0.579178,0.188653,0.042675,0.401951,0.322638,0.448225,0.298273,0.434988,0.567358,0.553321,0.376932,0.677676,0.735953,0.565792,0.011121,0.139189,-0.383384,-0.339832,0.115205,0.177270,0.002177,0.324542,0.129713,0.249484,-0.087825,0.661248,1.011048,0.726230,0.992594,0.630462,0.177821,0.632995,0.188718,0.080145,0.016125,0.028498,0.141208,0.138175,-0.225894,0.197345,0.382747,-0.060577,0.237588
0.508972,0.443097,0.281700,0.325158,0.743756,0.474778,0.242705,0.215632,0.447646,0.064954,0.346121,0.525004,0.588454,0.651564,0.705610,0.467559,0.696109,0.448435,-0.323666,-0.131850,-0.402640,-0.045850,-0.051554,-0.092814,0.196913,0.030322,-0.390954,0.949163,0.293380,0.666820,0.118069,1.079646,0.011305,0.333636,0.229064,0.305278,0.346957,0.435710,-0.109128,0.368468,0.278187,0.306821,0.058296,0.446352,-0.042721,0.465143,0.473320,0.482437,-0.053782,0.052824,0.227225,0.388933,0.465493,0.708375,0.868918,0.862064,0.983204,0.294259,0.366348,0.632927,0.435130,-0.336625,-0.305794,-0.269091,-0.473281,-0.488225,-0.495913,-0.157728,-0.484023,-0.406859,-0.296127,-0.218771,0.722333,1.145196,1.074928,1.202304,0.573517,1.414957,1.416956,1.207463,0.728036,0.722069,0.302921,0.480922,-0.111226,0.278474,-0.105183,1.196249,0.785427,1.070704
0.313506,0.133252,0.053989,0.177907,0.287566,0.471464,0.333251,0.895372,0.087623,0.647658,0.476770,1.036593,0.286098,0.573843,0.264252,0.184956,0.411045,0.455836,-0.276452,-0.127660,-0.321525,-0.228207,-0.413608,0.044501,-0.115527,0.137338,0.071477,0.889475,0.865587,0.574307,0.866929,0.881813,0.411087,0.740510,0.314009,0.325621,0.675497,0.213034,0.560176,0.140690,0.264680,0.642168,0.548838,0.095994,0.240859,0.574733,0.516167,0.449036,0.227510,0.601731,0.233637,0.841012,0.619427,0.671700,0.529472,0.472126,0.842694,0.594059,0.859275,1.532118,0.754275,-0.717182,-0.688615,-0.197038,-0.343610,-0.330667,-0.289337,-0.292896,-0.250314,-0.273492,0.066760,-0.117130,0.683973,0.588995,0.752129,0.822225,0.512522,0.184802,0.626852,0.543507,0.507142,0.324897,0.361031,0.371633,-0.291483,-0.345916,-0.182155,1.023749,1.103883,1.250253
0.928964,0.517422,0.533599,0.940519,1.297249,0.488054,0.864739,0.262976,0.118016,0.731673,0.798191,0.583928,0.494434,1.044211,0.886875,0.616472,0.423674,0.405096,-0.203090,0.186683,-0.429265,-0.229416,-0.090211,0.206201,-0.245396,0.066627,-0.320494,0.764285,0.576572,0.742639,0.752433,0.578863,0.701015,0.665920,0.518433,0.484988,0.474663,-0.010074,0.686631,-0.130663,0.398006,0.513317,0.544997,-0.003456,0.285285,0.503308,0.650564,0.283563,0.664448,0.682739,0.734136,0.736480,0.544773,0.697216,0.589131,0.636408,0.574907,0.135456,0.545567,0.810362,0.395218,-0.250205,-0.427059,0.081566,-0.486347,-0.034224,-0.511892,-0.303600,-0.443531,-0.515862,-0.306124,0.197719,0.420628,0.516648,0.569924,0.674952,0.379632,0.394048,0.628291,0.743503,0.119673,0.132881,0.822748,-0.133928,0.571690,0.148116,0.445483,0.654506,0.362554,1.075564
0.648350,0.122868,0.120021,0.183347,0.478630,0.511920,0.327059,0.101257,0.241202,0.278676,0.516201,0.063555,-0.024425,0.118924,0.156013,0.322924,0.063342,0.278053,-0.560589,-0.180403,-0.695345,-0.255274,-0.275247,-0.125582,-0.513004,-0.609068,-0.706174,0.986130,0.491494,0.712487,0.560116,0.861924,0.541598,0.639067,0.197554,0.421361,0.553912,0.298157,0.554524,0.553474,0.798515,0.995831,0.547731,0.430855,0.555538,0.500866,0.909889,0.146822,-0.163881,0.137374,0.032493,0.523076,0.585810,0.642610,0.710040,0.490900,0.821078,0.542606,0.571624,1.165199,0.460884,-0.218440,-0.470319,-0.163771,-0.106262,-0.332840,-0.432925,-0.158007,-0.054771,-0.242274,-0.170982,0.024903,0.576195,0.581461,0.683117,0.733444,0.445747,0.617430,0.959903,0.730225,0.452350,0.467075,0.944711,-0.184247,-0.154786,-0.012013,-0.175719,1.160373,0.710986,1.035384
NaN,NaN,NaN,NaN,NaN,NaN,NaN,NaN,NaN,NaN,NaN,NaN,NaN,NaN,NaN,NaN,NaN,NaN,NaN,NaN,NaN,NaN,NaN,NaN,NaN,NaN,NaN,NaN,NaN,NaN,NaN,NaN,NaN,NaN,NaN,NaN,NaN,NaN,NaN,NaN,NaN,NaN,NaN,NaN,NaN,NaN,NaN,NaN,NaN,NaN,NaN,NaN,NaN,NaN,NaN,NaN,NaN,NaN,NaN,NaN,NaN,NaN,NaN,NaN,NaN,NaN,NaN,NaN,NaN,NaN,NaN,NaN,NaN,NaN,NaN,NaN,NaN,NaN,NaN,NaN,NaN,NaN,NaN,NaN,NaN,NaN,NaN,NaN,NaN,NaN
0.337120,0.236188,0.184016,0.629084,0.076161,0.477526,0.209798,0.633066,0.116608,0.780411,0.200907,0.794493,0.546432,0.147072,0.630896,0.717427,0.304391,0.553099,-0.063559,-0.376993,-0.046890,-0.124562,-0.426601,-0.252531,-0.459441,-0.217257,0.169831,0.723278,0.729589,0.742039,0.392331,1.045832,0.483834,0.554229,0.369075,0.742999,0.316688,0.323490,0.857186,0.225077,0.471996,0.227005,0.249375,0.540210,0.672309,0.306330,0.477293,0.079163,0.095896,0.025016,0.316184,0.388905,0.468775,0.377660,0.478204,0.894484,1.229567,0.520832,0.980671,0.514693,0.093526,-0.309304,-0.174898,-0.348019,-0.242495,-0.088157,-0.166488,0.059240,-0.001954,-0.063667,0.167396,-0.171966,0.260917,0.621678,0.232610,0.849703,0.807380,0.842122,0.224778,0.794570,0.236251,0.556447,0.232711,-0.006056,0.524966,-0.056896,0.408792,1.069073,0.717690,0.975448
-0.014503,0.385825,0.269252,-0.016569,0.353979,0.380194,0.332840,0.436355,0.405536,0.592969,0.435474,0.376893,0.387765,0.299218,-0.028656,-0.065327,0.428177,0.189476,0.151430,0.138160,-0.139539,0.094179,0.015159,-0.056399,-0.106330,0.098949,-0.241552,0.444193,0.061496,0.529405,0.047151,0.256147,0.311393,0.321771,0.194723,0.350316,0.342516,0.303315,0.216102,0.200611,0.262517,0.098633,0.083825,0.282755,0.355066,0.155981,0.110635,0.205400,0.331767,0.255580,0.196191,0.273734,0.345342,0.736650,0.916350,0.889639,1.328321,0.478595,0.368746,1.372393,0.494414,-0.200787,-0.094151,-0.448394,-0.232957,-0.037257,-0.283523,-0.300747,-0.139491,-0.130963,-0.193034,-0.222714,0.204379,0.716415,0.511545,0.943450,-0.195493,0.648016,0.783571,0.427273,0.157990,0.535782,0.780976,0.217176,0.119770,-0.279589,0.014178,0.365133,0.497113,0.941000
0.420857,0.636686,0.002915,0.644113,-0.188530,0.543690,0.242749,0.104089,0.741159,1.064819,0.352414,0.024988,0.417529,0.408171,0.462498,0.527331,0.462137,0.536845,-0.104123,0.236782,-0.164373,0.207853,-0.401980,-0.274794,0.072673,0.098657,-0.165503,0.552264,0.699027,0.901957,0.595493,0.889110,0.366049,0.719571,0.534797,0.489758,0.775623,0.638253,0.442328,0.705090,0.133513,0.157617,0.224019,0.082090,0.287122,-0.098017,0.110233,-0.079226,0.223116,0.586410,0.142540,0.422681,0.327737,0.196127,0.469835,0.433630,0.402365,0.733090,0.558686,0.698882,0.547548,-0.029924,0.220084,-0.177251,-0.128835,0.108241,0.168718,-0.012239,-0.077845,-0.002196,0.028011,-0.213261,0.332400,0.402896,0.125377,0.504313,0.441005,0.580654,0.263223,0.637637,0.229575,0.086392,0.517555,0.319519,0.231718,0.040361,0.331374,1.196441,0.296242,0.515783
0.536177,0.348552,0.219850,0.331814,0.363201,0.338225,0.437372,0.415764,0.565198,0.839757,0.814643,0.994214,0.596364,0.314314,0.127488,-0.070794,0.151474,0.219556,-0.089758,-0.101047,-0.089789,-0.249665,-0.171764,-0.213092,-0.243724,0.068788,-0.069517,0.938182,0.679614,0.433663,0.577281,0.762301,0.275443,0.451372,0.482608,0.279377,0.639694,0.358576,0.526063,0.388825,0.476029,0.507676,0.609307,0.083255,0.078626,0.314685,0.590578,0.175319,0.495665,0.786471,0.253924,0.574419,0.094475,0.175186,0.309919,0.499424,0.491674,0.270976,0.077187,1.012962,0.218495,-0.340821,0.002064,-0.284774,-0.376643,-0.604536,0.046754,-0.633046,-0.285507,0.066279,-0.586829,-0.163917,0.235052,0.447857,0.367353,0.723383,0.141068,-0.010570,0.654833,0.271690,-0.038374,-0.174834,0.733689,0.091699,-0.073487,-0.414281,0.224424,0.410714,0.107511,0.528782
0.108292,0.045130,-0.040878,-0.064492,0.175416,0.180090,0.089135,0.119183,0.384628,0.502480,0.301644,0.431008,0.476757,0.292377,0.065930,-0.479825,-0.109787,0.140235,0.102870,0.127189,0.104883,0.372121,-0.136973,0.078209,0.118098,0.238132,0.260913,-0.038849,-0.020580,0.053747,0.302923,0.497630,-0.143845,-0.089006,0.033923,-0.025473,-0.230106,-0.066006,0.053306,-0.013492,0.438231,-0.259178,0.151583,0.008683,-0.028243,0.018622,-0.129226,-0.120465,0.058544,-0.422001,-0.221798,-0.102316,-0.678887,-0.496348,-0.194123,-0.545868,0.462470,0.322561,0.220020,0.300488,0.399745,0.391722,0.271469,0.132894,-0.207634,0.328021,-0.031589,0.057019,0.042131,0.027124,0.261750,0.420236,-0.514857,-0.314663,-0.404617,0.297077,0.016462,-0.095121,0.037796,0.306009,-0.013907,0.300408,0.461526,-0.004959,0.173186,-0.080977,0.200459,0.593913,0.198546,0.711707
NaN,NaN,NaN,NaN,NaN,NaN,NaN,NaN,NaN,NaN,NaN,NaN,NaN,NaN,NaN,NaN,NaN,NaN,NaN,NaN,NaN,NaN,NaN,NaN,NaN,NaN,NaN,NaN,NaN,NaN,NaN,NaN,NaN,NaN,NaN,NaN,NaN,NaN,NaN,NaN,NaN,NaN,NaN,NaN,NaN,NaN,NaN,NaN,NaN,NaN,NaN,NaN,NaN,NaN,NaN,NaN,NaN,NaN,NaN,NaN,NaN,NaN,NaN,NaN,NaN,NaN,NaN,NaN,NaN,NaN,NaN,NaN,NaN,NaN,NaN,NaN,NaN,NaN,NaN,NaN,NaN,NaN,NaN,NaN,NaN,NaN,NaN,NaN,NaN,NaN
0.371670,0.570845,0.294169,0.336183,0.365672,0.115911,0.215114,0.424951,0.060964,0.963737,0.525549,0.502998,0.346396,0.427044,0.503315,0.200159,0.217640,0.181101,-0.054554,0.420313,0.124815,0.224567,-0.206514,-0.303303,0.261485,0.326223,-0.044603,0.447542,0.551919,0.252878,0.386676,0.342309,0.692803,0.146091,0.350818,0.511706,0.335442,0.144583,0.780479,0.021776,0.390551,0.562876,0.284512,0.316639,0.023125,0.141749,0.160386,0.444675,0.484473,0.476236,0.477446,0.637851,0.179396,0.283463,0.397901,0.520998,0.027757,0.254444,0.278032,0.833155,0.674716,-0.345760,-0.432561,-0.045892,-0.208205,-0.120525,-0.044932,0.032076,-0.278457,-0.095155,0.025443,0.062905,0.136754,0.495023,0.501957,-0.029626,0.183196,0.380130,0.675435,-0.092503,0.256231,0.249614,0.535198,0.142256,0.085356,-0.392871,-0.098629,0.721808,0.363344,0.783906
0.761405,0.395346,0.091831,0.607689,0.349106,0.011728,0.451439,0.110246,0.111514,0.816165,0.458085,0.648464,0.719814,0.246445,0.529496,0.518043,0.353121,0.613863,-0.015316,0.109413,-0.016509,-0.324594,-0.254338,-0.202666,0.064960,0.322619,0.035172,0.350971,-0.095276,0.382783,0.088951,0.328451,-0.164623,0.718228,0.480422,0.390444,0.484732,0.281221,0.554250,0.027855,0.656375,0.254204,0.359705,0.163150,0.044690,0.119745,0.639535,0.524493,0.301699,0.547647,0.199839,0.651565,0.326221,0.226717,0.175699,0.589285,0.908586,0.336599,0.597197,0.882059,0.539812,-0.562480,-0.300165,0.000300,-0.296205,0.032073,-0.361567,0.167731,-0.679930,-0.567372,-0.169642,-0.136256,0.259928,0.200533,0.123682,0.423339,0.213339,0.258209,0.067711,0.423882,0.012453,0.140474,0.317342,-0.168829,0.100477,-0.060575,-0.004391,1.064856,0.335039,0.547824
0.719557,0.781806,0.487813,0.526154,-0.005848,-0.187974,0.050782,0.193377,0.023450,0.709910,0.596547,0.663673,0.149114,0.590008,0.390789,0.291478,0.032397,0.351169,-0.275136,0.092768,-0.261917,0.152556,-0.007298,-0.697791,-0.088276,-0.077642,-0.414871,0.279519,0.275589,0.377229,0.578848,0.457650,0.431719,0.065675,0.369778,0.177841,0.503650,0.153844,0.171621,0.008483,0.170481,0.381930,0.433848,0.138462,-0.298292,0.117615,-0.170956,0.161190,0.957895,0.575390,0.747093,0.584102,-0.298067,-0.097662,0.159123,-0.233529,0.349833,0.117522,0.028452,0.647542,0.123431,-0.005765,0.289075,-0.220032,-0.262348,0.129800,-0.128161,-0.163975,-0.057421,0.143529,-0.185498,-0.253349,-0.532096,-0.315576,-0.236040,0.496999,-0.148629,-0.058212,0.235528,0.573328,-0.432956,-0.032602,0.441816,-0.165441,0.277350,-0.446703,0.452456,1.337567,0.995800,1.136928
0.650219,-0.028654,-0.107242,0.568544,0.601085,0.394419,0.460553,0.754030,0.264726,0.760121,0.537116,0.783955,0.725733,0.001290,0.623348,0.450475,-0.074631,0.317636,-0.681901,-0.463181,-0.350630,-0.523744,-0.080333,-0.492899,-0.303026,-0.477530,-0.632512,0.755064,0.675017,0.693471,0.783152,0.679488,0.531866,0.753716,0.189073,0.313863,0.615950,0.147845,0.233669,0.327802,0.471589,0.624172,0.107519,0.081477,0.522475,0.637009,0.568653,-0.029732,0.292867,0.512981,0.353819,0.783182,-0.087276,0.028652,0.139251,0.188156,0.519324,0.389306,0.481854,1.020659,0.488498,-0.645885,-0.728521,-0.155930,-0.393696,-0.352177,-0.463771,-0.226028,-0.771503,-0.808320,-0.464203,0.139957,0.021004,0.312901,0.240037,0.639078,0.151070,0.366942,0.325876,0.656944,0.279458,0.435700,0.632214,-0.005989,0.308604,-0.124594,0.230049,0.870057,0.588537,1.029075
-0.071621,-0.400664,-0.544356,0.036818,-0.420303,0.366893,-0.093404,0.076729,-0.263844,0.474479,0.172614,0.427734,0.135392,0.365473,-0.100284,0.077151,0.607931,0.281271,0.017202,0.158804,0.063592,0.112868,-0.356341,-0.225480,-0.199920,0.082625,-0.061036,0.686629,0.584560,0.552381,0.435442,0.925309,0.273664,-0.004549,-0.084502,-0.103625,-0.133311,-0.134548,0.119953,0.118121,0.113496,-0.311541,0.097022,-0.239990,-0.319920,-0.136372,-0.234201,0.217193,-0.523943,-0.155246,-0.503171,-0.120776,0.263000,0.253453,0.496765,0.581573,0.963835,-0.012947,0.385748,0.745895,0.443714,0.179635,0.100288,-0.214213,-0.007834,-0.132673,-0.074486,-0.157588,0.217557,0.278711,-0.012523,0.192830,0.272096,0.648638,0.358970,0.857423,0.040996,0.482899,0.562608,0.794236,0.459850,0.501024,0.416072,0.055251,-0.121396,0.102508,-0.130987,0.997263,0.727649,1.180408
0.494005,0.430608,0.350178,0.471568,0.660548,0.528761,0.319830,0.415443,0.538916,0.126212,0.400098,0.620573,0.589164,0.762274,0.652487,0.320226,0.629672,0.233548,-0.544836,-0.106253,-0.527604,-0.196964,-0.097299,-0.021326,0.122898,0.047001,-0.450718,0.731316,0.323269,0.856477,0.153210,0.720659,0.096662,0.205508,0.203808,0.308193,0.485908,0.382796,-0.094066,0.468178,0.246007,0.508781,0.161489,0.431906,0.098713,0.386402,0.279719,0.743388,0.103115,0.128265,0.367208,0.427012,0.313718,0.556642,0.604125,0.529791,0.776852,0.383707,0.353040,0.476217,0.592587,-0.362700,-0.514340,-0.274383,-0.586893,-0.474565,-0.630988,-0.268112,-0.383796,-0.495531,-0.344477,-0.204028,0.427047,0.566802,0.730866,0.808797,0.669764,1.177800,0.840893,1.026576,0.877202,0.883573,0.291321,0.237664,-0.224487,-0.055008,-0.257916,0.905689,0.732537,1.215541
0.262165,-0.025147,0.054354,0.198216,0.167187,0.018230,0.310863,0.172606,0.498169,0.567903,0.577293,0.281634,0.476568,0.579684,0.264138,0.103520,0.390995,0.150185,-0.336935,0.025996,-0.151730,0.102178,-0.233385,-0.462726,-0.060619,0.251649,-0.499283,0.009508,0.039392,0.355795,-0.178202,0.327295,-0.103368,0.091025,0.084220,-0.000553,0.197442,0.162699,0.269656,0.316565,0.254153,0.168296,0.453072,0.194820,0.153141,0.343836,0.550307,-0.117538,0.186418,-0.127784,-0.024033,0.015228,-0.355668,-0.460317,0.248405,0.015255,0.263412,0.268391,0.321645,1.156078,0.406965,0.229612,0.154226,-0.205182,-0.077233,-0.059112,-0.058793,-0.087296,0.110622,0.193894,0.079776,0.104673,0.052802,-0.091469,-0.058414,0.534624,-0.009267,-0.312881,0.020188,0.282880,-0.050590,-0.093805,0.461395,0.173126,0.285171,0.138404,0.115823,0.527925,0.333399,1.092171
0.411773,0.192091,0.128070,0.181988,0.250302,0.671752,0.058460,0.220633,-0.097793,1.108802,0.517014,0.181419,0.376193,0.014493,0.157715,0.129106,0.072052,-0.023082,-0.157656,0.122154,-0.150789,0.170975,-0.064785,-0.070830,0.049492,0.058724,-0.013135,0.168315,0.210415,0.413192,0.575208,0.457692,0.330085,-0.091674,0.044952,-0.056663,-0.002649,0.179391,0.381911,-0.333643,0.144252,-0.008566,0.145546,-0.321445,0.218931,-0.012061,0.254626,0.257922,0.121143,0.149429,0.034338,0.207961,-0.109652,-0.009268,-0.099230,-0.097304,-0.108698,-0.106454,0.544993,0.581101,0.131154,0.015370,0.107349,0.123378,-0.102354,-0.113782,0.118187,-0.207908,-0.097031,-0.039545,-0.098356,0.004074,-0.081907,0.115111,0.100288,0.085358,0.353776,0.332814,0.086575,0.263247,0.304481,0.454083,0.039312,-0.168031,0.053366,0.164745,0.058057,0.514711,0.229324,1.013461
0.168396,0.402190,0.346480,0.076993,0.128420,0.005029,0.285754,0.633302,0.078677,0.529715,0.561649,0.977390,0.309420,0.095992,-0.130953,0.081346,0.036241,-0.209933,-0.065918,-0.145537,0.353184,0.086920,-0.027232,0.031297,0.226536,-0.083866,-0.266076,0.352442,-0.265677,0.463030,-0.097953,-0.048562,-0.221290,0.369022,0.388420,0.363678,0.202301,0.054303,0.076344,-0.109272,0.078313,0.146816,0.303509,0.043112,-0.348263,-0.050323,0.173466,0.133039,0.400471,0.539468,0.514656,0.460128,0.011500,0.155574,0.242293,-0.075488,0.323132,0.185633,0.363100,0.738940,0.163134,0.025375,0.030895,0.100667,0.220633,-0.141599,0.201447,0.190893,-0.008839,-0.001605,-0.262557,0.077137,-0.412622,-0.291362,-0.194229,0.266699,-0.166248,0.292657,0.524372,-0.096930,0.015810,0.346660,0.373868,-0.172912,-0.185287,0.119952,0.014582,0.357914,-0.015252,0.962369
0.091949,-0.055071,-0.670530,-0.122695,-0.444032,-0.636623,-0.087091,0.152572,-0.429495,0.963951,0.083224,0.762259,0.445848,0.030085,0.112508,-0.109331,-0.194801,0.086636,0.542277,0.000945,-0.010742,0.031662,-0.257702,-0.208913,-0.484826,-0.054680,0.058922,0.348167,-0.152095,0.410108,0.119561,0.128607,-0.150789,-0.072041,0.049894,-0.287820,-0.285797,-0.102593,-0.038491,0.153983,0.151896,-0.182546,-0.323029,-0.476021,-0.296851,-0.113785,-0.190518,0.311195,-0.137590,0.263262,-0.505250,0.411635,-0.406139,-0.230579,0.185815,0.054530,0.784264,-0.204425,0.539078,0.439491,0.305890,-0.046458,-0.209402,-0.347389,0.112288,-0.155207,0.105984,-0.076297,-0.109838,-0.195198,0.053584,0.022226,-0.354167,-0.201144,-0.161202,0.342156,-0.324240,0.316117,0.296500,0.270339,0.000079,0.162868,-0.093159,0.007255,0.159843,-0.115657,-0.120882,0.179561,-0.211972,0.954740
0.604918,0.598839,0.017578,0.216407,0.075011,0.859438,0.319357,0.469105,0.308584,0.043404,-0.235572,0.612824,0.363024,0.468194,0.087968,0.304939,0.695292,0.385819,-0.312758,0.010529,-0.147749,0.069735,-0.181250,-0.092763,-0.049824,-0.264099,-0.328040,0.434296,0.494644,0.694966,0.417666,0.390587,0.160686,0.625570,0.257939,-0.143151,0.330240,0.306316,0.234966,-0.093867,-0.030424,-0.079215,0.356436,-0.270608,0.109156,0.049919,0.468836,0.153306,0.273560,0.241398,0.139891,0.247629,0.224042,0.144394,0.057629,0.063342,0.367905,0.458591,0.320911,0.783815,-0.021830,0.150084,-0.031246,0.316209,0.120153,0.393244,0.124786,0.376401,-0.287403,-0.075988,-0.213508,0.304603,0.204029,0.412238,0.623077,0.438648,0.407593,0.499706,0.649726,0.347269,0.475849,0.433674,0.639341,0.424980,0.372542,0.271431,-0.110109,0.854433,0.286845,0.851216
0.340488,-0.051970,-0.285474,-0.094022,0.425321,-0.052686,0.101252,-0.374993,-0.250552,0.516314,0.153841,0.425394,0.461665,0.069303,0.174050,-0.223449,-0.007357,0.166534,0.444427,0.316455,0.450484,0.297544,0.289676,0.086738,0.214958,0.336284,-0.017133,0.362296,0.265099,0.683672,0.288687,0.601879,0.123472,-0.197428,0.206707,0.377569,0.350906,-0.325636,0.452635,-0.332782,0.338488,0.362763,0.400786,0.001712,-0.063817,0.237467,-0.207207,0.170615,0.217986,0.104626,0.043245,0.388522,-0.351881,-0.412194,-0.198071,-0.182796,0.261623,0.348741,0.451594,0.271759,0.029237,0.272656,0.309732,0.278277,0.087657,0.411082,0.023479,0.114362,-0.288378,-0.226679,-0.292234,-0.184850,-0.114747,0.272763,-0.004388,0.416103,0.402751,0.547526,0.353511,0.311082,0.536152,0.686899,0.502890,0.016619,0.058261,0.410806,-0.102699,0.630075,0.510436,1.297014
0.086640,0.194803,-0.053993,-0.177690,-0.017448,0.281030,0.173013,0.551905,0.233380,1.282301,0.588688,0.470986,0.426122,0.360723,-0.233040,0.014944,0.409607,0.345996,-0.133835,0.015076,-0.395452,-0.272388,0.035746,0.123305,-0.433719,-0.285665,-0.299930,0.342628,0.318429,0.671046,0.512646,0.645687,0.447842,0.301227,-0.171676,-0.291915,0.250132,-0.113978,0.375096,0.113952,0.334169,0.274076,0.222525,-0.314008,0.143020,0.453727,0.437204,0.218946,0.058179,0.271484,-0.207452,0.265746,-0.165928,-0.200778,-0.206383,-0.185868,0.279180,0.113829,0.306611,0.874674,0.218574,0.199923,0.014986,0.174778,0.097483,-0.005163,-0.110750,-0.076107,0.171123,0.006866,-0.105447,0.175971,-0.260003,-0.313639,-0.273139,0.121342,0.078443,-0.132244,-0.110376,0.260390,0.271567,0.162442,0.440399,0.322374,0.047894,-0.107129,0.137401,1.139964,0.475552,0.672959
NaN,NaN,NaN,NaN,NaN,NaN,NaN,NaN,NaN,NaN,NaN,NaN,NaN,NaN,NaN,NaN,NaN,NaN,NaN,NaN,NaN,NaN,NaN,NaN,NaN,NaN,NaN,NaN,NaN,NaN,NaN,NaN,NaN,NaN,NaN,NaN,NaN,NaN,NaN,NaN,NaN,NaN,NaN,NaN,NaN,NaN,NaN,NaN,NaN,NaN,NaN,NaN,NaN,NaN,NaN,NaN,NaN,NaN,NaN,NaN,NaN,NaN,NaN,NaN,NaN,NaN,NaN,NaN,NaN,NaN,NaN,NaN,NaN,NaN,NaN,NaN,NaN,NaN,NaN,NaN,NaN,NaN,NaN,NaN,NaN,NaN,NaN,NaN,NaN,NaN
NaN,NaN,NaN,NaN,NaN,NaN,NaN,NaN,NaN,NaN,NaN,NaN,NaN,NaN,NaN,NaN,NaN,NaN,NaN,NaN,NaN,NaN,NaN,NaN,NaN,NaN,NaN,NaN,NaN,NaN,NaN,NaN,NaN,NaN,NaN,NaN,NaN,NaN,NaN,NaN,NaN,NaN,NaN,NaN,NaN,NaN,NaN,NaN,NaN,NaN,NaN,NaN,NaN,NaN,NaN,NaN,NaN,NaN,NaN,NaN,NaN,NaN,NaN,NaN,NaN,NaN,NaN,NaN,NaN,NaN,NaN,NaN,NaN,NaN,NaN,NaN,NaN,NaN,NaN,NaN,NaN,NaN,NaN,NaN,NaN,NaN,NaN,NaN,NaN,NaN
0.314888,-0.074019,-0.082722,0.087108,-0.282797,-0.215008,-0.232095,0.075320,0.067732,-0.087106,0.216894,0.139873,0.241947,0.340339,-0.054708,-0.192213,-0.157296,0.105388,-0.231668,0.326936,-0.072122,-0.048828,0.005888,0.506290,0.177189,0.262896,0.129798,0.420602,0.373922,0.574775,0.122235,0.465775,0.071249,-0.137010,0.296483,-0.122360,-0.256089,0.391060,0.169589,-0.170148,-0.180094,0.022738,0.385023,0.008160,-0.007952,-0.154924,0.165816,0.336254,-0.332687,-0.060797,-0.285550,-0.075796,-0.066178,0.104686,-0.131063,-0.057475,0.488514,-0.384135,-0.239091,0.822185,-0.302841,0.187389,0.507490,0.011769,-0.103562,0.006209,0.148583,-0.034886,-0.153025,0.004930,-0.213235,-0.086889,0.144404,-0.215423,0.235467,0.116885,0.499183,0.020335,-0.024650,0.404706,0.195570,0.300343,0.222538,-0.127263,-0.234560,-0.007845,0.030258,0.312160,0.116422,0.706909
0.181532,0.161459,0.129266,0.140216,0.231158,0.051547,0.307158,0.199249,0.652667,0.029321,-0.274932,0.486696,1.008949,0.078268,0.156419,0.210810,0.165946,0.066029,-0.478011,-0.192395,-0.419966,-0.016600,-0.104227,-0.103916,-0.122473,0.144234,0.020945,0.198887,-0.065945,0.655398,0.376441,0.058147,0.047741,0.723277,0.268659,0.259077,0.811227,0.120087,-0.010263,0.193553,0.072924,0.481046,-0.031124,0.238573,0.182984,0.050946,0.077268,-0.276717,0.294062,-0.020792,0.281719,0.159834,-0.060418,-0.214986,0.049197,0.272719,0.700022,0.253493,0.282323,0.963166,-0.031166,0.119515,0.210821,-0.024646,0.135513,-0.100035,0.160708,-0.118513,0.131928,0.162666,-0.051894,0.193763,0.048330,0.300800,-0.018513,0.435330,-0.063908,0.423480,0.184165,0.450226,-0.115752,0.275230,0.044378,-0.089998,-0.110316,0.302820,0.044732,0.301942,-0.032477,0.987087
0.265847,0.012885,0.085075,-0.138446,0.159213,0.243948,0.093872,-0.100225,-0.237868,0.292181,0.024493,0.204406,0.226318,0.143662,0.287424,0.346922,0.242210,0.443244,-0.131088,-0.110375,0.021159,-0.274881,-0.393558,-0.298736,-0.064481,-0.070579,0.073414,0.364413,0.342978,0.330803,0.326181,0.490157,0.315765,-0.132809,0.125598,0.396519,0.192295,-0.074162,0.139059,-0.229341,0.012615,-0.238333,-0.077075,-0.008846,0.190988,-0.307037,-0.129374,0.216309,0.058291,0.152279,0.191446,0.348212,0.072667,0.039143,0.069151,-0.005221,0.289571,0.413185,0.238095,0.566785,0.036796,-0.180318,-0.240049,0.090925,-0.374784,-0.195820,-0.339309,-0.199807,-0.645686,-0.714274,-0.519388,-0.064282,0.153127,0.228406,0.313430,0.262815,0.626212,0.399278,0.283971,0.524122,0.600037,0.557652,0.188171,0.044319,0.094683,-0.295352,0.059638,0.364730,0.182860,1.129725
-0.275591,-0.155578,-0.292033,-0.239763,-0.087206,0.491266,0.152236,-0.358699,-0.180711,0.191987,0.329280,0.183723,0.443402,-0.022895,0.245084,0.312509,0.130006,0.256318,0.135619,0.153608,-0.115089,-0.025871,-0.259846,-0.167180,-0.254061,0.053355,-0.253229,0.082987,-0.105732,0.070396,-0.311855,0.245328,-0.510870,0.003043,-0.141604,-0.231654,-0.137455,0.108568,0.139463,-0.152298,0.644222,-0.070697,0.287536,0.169645,-0.104731,0.545939,0.116947,-0.146676,-0.441741,-0.578674,-0.501020,-0.369278,0.044655,0.054086,0.034160,0.580217,0.477282,0.421926,0.307021,0.598013,-0.026426,-0.159524,-0.204396,0.260186,-0.203052,-0.059003,-0.215826,0.029247,-0.485476,-0.346308,-0.323059,0.135465,0.042726,-0.011584,0.153958,0.128280,0.027050,-0.146008,0.428062,0.019429,0.074551,-0.263791,0.004247,-0.062653,0.203357,-0.014439,0.165594,0.717050,0.627565,1.149927
0.400890,0.454790,0.375716,0.079063,0.480861,0.476739,0.052905,0.404777,0.339460,0.752882,0.665935,0.235301,0.858779,0.482893,0.245467,0.159795,0.087187,0.246709,-0.051399,-0.045466,-0.243140,-0.313257,-0.273813,-0.131914,-0.601449,-0.077939,0.038161,0.736957,0.695562,1.095427,0.850867,0.974616,0.362879,0.266239,0.486031,0.357139,0.576912,0.305127,0.063208,0.201317,0.145222,0.447574,0.385463,0.236325,-0.057274,0.402124,0.293392,0.439344,0.220144,0.379805,0.246788,0.469959,0.300129,0.542607,0.430773,0.426050,0.725394,0.178453,0.661437,0.853649,0.545212,-0.353822,-0.334302,-0.308237,-0.774233,-0.401551,-0.664895,-0.542299,-0.209477,-0.305706,-0.419655,-0.041395,0.260251,0.414134,0.530427,0.781754,0.287867,0.559157,0.496860,0.661723,0.291488,0.441170,0.435513,0.303319,0.347043,-0.084150,0.444873,0.967624,0.695041,0.979727
0.048591,0.255043,0.234105,0.134078,0.007420,1.306224,-0.322147,0.577305,0.527062,0.515866,0.291986,1.085263,1.005088,0.593919,0.001806,0.048349,0.311740,0.270075,-0.043989,0.044675,-0.228866,-0.278106,-0.214587,-0.089858,-0.163719,-0.051322,-0.242048,0.855609,0.530741,0.915264,1.099946,0.971574,0.159013,-0.343135,0.152905,0.208058,-0.019536,0.002079,0.308743,0.041876,0.337749,-0.071810,0.506159,0.090780,0.206406,0.326155,0.215466,-0.019600,0.264301,-0.037847,0.263469,0.080019,0.419056,0.554427,0.807208,0.914511,0.841752,0.391412,0.643641,0.789829,0.314683,-0.610754,-0.482781,-0.585328,-0.611441,-0.513911,-0.386338,-0.476477,-0.540877,-0.655198,-0.628665,-0.334790,0.218882,0.607028,0.336089,0.668198,0.526231,0.712206,0.495305,0.711280,0.549198,0.751762,0.449169,0.169374,0.848639,-0.368252,0.623908,1.101756,0.556461,0.740775
0.724432,0.433293,0.419205,0.634928,0.210286,0.480070,0.195964,0.071266,0.543012,0.207097,0.354780,0.506509,1.125333,0.398063,0.366776,0.319124,0.379638,-0.022219,-0.417434,-0.042645,-0.399286,-0.117590,-0.171406,-0.177768,-0.127280,-0.277732,-0.078405,0.511472,0.058948,0.309654,-0.135837,0.524948,0.103850,0.532174,0.185510,0.366629,0.610009,0.345909,0.465920,0.500691,0.664288,0.536355,0.649484,0.313276,0.324757,0.536446,-0.022639,0.794203,0.056452,0.164457,0.263629,0.262669,0.542403,0.580734,0.194432,0.392335,0.818014,0.634192,0.215058,1.176728,0.614153,-0.203768,0.164401,-0.285582,-0.248778,-0.449149,0.174150,-0.251166,0.001308,0.435072,-0.213642,0.062625,0.681899,0.567948,0.852057,0.699137,0.177524,0.341114,0.641419,0.391475,0.002104,0.041991,0.103047,0.228338,-0.098506,0.237186,-0.033816,0.844546,0.295487,0.474161
0.317680,0.224338,-0.037358,0.144749,0.337636,0.927455,0.854541,0.359031,0.262725,0.293323,0.261879,0.423636,0.801874,0.369080,0.334608,0.613496,0.639503,0.453595,-0.173458,-0.142057,-0.316166,-0.077116,-0.183913,-0.076923,0.118677,-0.391146,-0.284878,1.053212,0.408750,0.607886,0.069350,0.870399,0.162795,0.436422,0.391907,0.307757,0.362580,0.134250,0.572406,0.401315,0.637426,0.354511,0.478922,-0.290638,0.143309,0.295403,0.160332,0.070610,0.235725,0.107077,0.206585,0.341247,0.226285,0.264906,0.529977,0.499712,1.161564,0.070182,0.419187,0.908488,0.179219,-0.341656,-0.609830,0.068324,-0.146180,-0.052708,-0.345257,0.022565,-0.045748,-0.130982,-0.024772,0.117260,0.393506,0.589436,0.484539,1.030944,0.339504,0.229887,0.830731,0.258072,0.215159,0.134598,0.179425,0.391960,0.218860,-0.009649,0.324862,0.753729,0.393541,0.997359
0.566137,0.573827,0.284881,0.622119,0.436036,0.598872,0.626694,0.313680,0.399116,0.513545,0.224963,0.342374,0.593732,0.464217,0.462833,0.633636,0.617575,0.520006,-0.125204,-0.005703,-0.056216,0.127622,-0.114372,-0.131933,-0.153268,0.011859,-0.104386,0.486236,0.085102,0.179160,0.086809,0.313821,0.197412,0.708071,0.322652,0.447302,0.573444,0.267602,0.482187,0.272089,0.362233,0.273195,0.387325,0.167685,0.535809,-0.024326,0.497215,0.171537,0.106339,0.546533,0.193236,0.573819,0.360721,0.253853,0.358159,0.663928,0.571095,0.663607,0.722287,1.058467,0.441227,0.097080,0.153920,-0.355387,0.046175,0.210313,0.140565,-0.030513,-0.183647,-0.029499,0.181463,-0.040925,0.369673,0.448690,0.370851,0.464553,0.139272,0.433395,0.536534,0.571245,0.215565,0.114445,0.074842,0.029629,-0.072389,-0.034957,0.170836,0.551880,0.289584,0.469023
0.333536,-0.164112,0.121100,0.505594,-0.195472,0.129763,-0.196818,-0.084499,0.203901,0.371451,0.380607,0.247802,0.670295,0.140813,0.273405,0.309587,0.123524,0.204688,0.003711,-0.001793,-0.209359,0.118821,0.068447,-0.054525,-0.176359,-0.125521,-0.074070,0.404966,-0.086283,0.315777,-0.429156,0.159387,-0.028563,0.325046,0.422073,0.254083,0.484351,0.367269,-0.046518,-0.297370,-0.203176,0.063858,-0.053142,0.356095,0.021375,-0.043330,-0.116691,0.061249,0.035369,0.144466,-0.166187,0.186000,0.040231,-0.069897,0.035243,-0.120184,0.771071,-0.008656,0.444892,0.929815,0.064976,0.131768,0.046043,0.014616,-0.063260,-0.114109,0.081741,-0.105696,0.077846,-0.093419,0.104586,-0.179668,-0.009003,-0.179368,0.134845,0.712127,-0.157502,-0.266899,0.247828,0.782076,-0.289365,-0.175876,0.581509,0.032390,0.037827,-0.211922,0.086425,1.022827,0.748027,1.221765
0.746213,0.388595,0.040930,0.515446,0.368278,0.411326,0.572503,0.641339,0.339986,0.925891,0.621366,1.060876,0.747866,0.665955,0.781916,0.559923,0.337785,0.566482,-0.084233,0.023249,-0.279139,-0.243895,-0.402613,-0.180849,-0.166719,-0.219230,-0.146930,0.717751,0.559281,0.755930,0.486745,0.794368,0.465108,0.686732,0.209668,0.118030,0.873689,0.545380,0.766841,0.507458,0.660975,0.427232,0.672056,0.174024,0.273563,0.098059,0.515013,0.484906,0.399713,0.573194,0.191884,0.621023,0.228527,0.397949,0.738054,0.190043,0.938864,0.503115,0.425432,1.076955,0.910473,-0.118242,-0.110529,-0.355912,-0.342637,-0.128232,-0.212309,-0.384359,-0.331448,-0.518036,-0.219649,0.261524,0.347070,0.108613,0.610118,0.798192,0.655361,0.141613,1.047665,0.383242,0.242570,0.341713,0.073380,-0.311226,-0.048363,-0.180507,0.037061,0.971302,0.439298,0.871230
0.595294,0.344624,0.101484,0.710980,0.236936,-0.003358,0.433134,0.072415,-0.089068,0.745871,0.422949,0.374737,0.275153,0.418771,0.417559,0.395550,0.242450,0.150780,-0.248598,-0.162515,-0.077130,-0.311939,-0.235465,-0.263748,-0.246969,-0.066948,-0.307460,0.620097,0.513814,0.614751,0.377195,0.765878,0.114565,0.531789,0.397795,0.455810,0.612514,0.207344,0.338928,-0.111809,0.140268,0.400204,0.176842,0.082757,-0.277478,0.113918,0.473016,0.509504,0.464132,0.458420,0.478103,0.712572,0.691184,0.804590,0.424042,0.599123,0.608413,0.407851,0.838680,0.918839,0.473286,-0.030665,-0.066309,-0.249231,-0.137459,-0.268418,-0.021681,0.011637,-0.236563,-0.350593,-0.165491,-0.143978,0.593358,0.587338,0.783100,0.416844,0.544960,0.384929,0.693881,0.132546,0.361898,0.428048,0.135199,0.005484,0.152411,0.003827,0.048888,1.094293,0.480173,0.929697
-0.429990,0.695591,0.052028,-0.221784,-0.140323,-0.130385,-0.155574,-0.234131,0.056192,0.464803,0.393480,0.013777,0.137860,0.423779,-0.299032,-0.331724,0.144693,-0.012028,-0.172043,0.307755,-0.159499,-0.117645,-0.085112,0.233222,0.288402,0.154865,-0.325320,0.352668,-0.045549,0.209221,0.122003,0.227289,-0.134083,0.184341,0.278563,0.547877,0.678482,0.559727,0.723710,0.244359,0.416576,0.216928,0.393617,0.214764,-0.440693,0.346269,0.130504,0.200059,0.123097,0.342346,0.059839,0.334304,-0.275663,-0.294088,-0.017577,0.352394,0.600072,0.382977,0.455968,0.703491,0.795091,0.005700,-0.022146,0.386713,-0.171803,0.439934,-0.150978,0.372691,-0.147013,-0.254142,0.380734,0.164967,-0.246561,0.142001,-0.145608,0.268006,0.058834,-0.002314,0.176657,-0.217361,0.064190,-0.111654,0.465269,0.374742,0.307556,-0.026004,0.564036,0.394935,0.035948,0.795239
-0.123662,0.330696,0.266270,-0.192850,-0.115496,0.085611,-0.171100,-0.424219,-0.191134,0.401521,0.442137,-0.046230,-0.062317,0.122919,-0.267329,-0.250357,-0.023524,-0.211014,0.453384,0.639637,0.045967,0.206369,-0.080959,0.343416,-0.263456,0.489980,0.169024,0.349923,0.278227,-0.006923,-0.248858,0.362867,0.383733,0.109919,-0.180169,0.149268,0.207127,-0.366999,0.011427,-0.197619,-0.020112,0.273442,0.071748,-0.554031,-0.068008,-0.173646,-0.188066,-0.139820,0.035800,0.052347,0.068960,0.178481,-0.491700,-0.446277,-0.200907,-0.420553,0.093492,-0.354015,0.297686,0.862201,-0.157872,0.367500,0.371677,-0.111216,-0.133897,0.428074,0.043285,0.187070,0.546348,0.424879,0.100773,0.070565,-0.445109,-0.345319,-0.333056,-0.239621,0.487695,-0.143552,-0.066361,0.203579,-0.191688,-0.128059,0.285137,-0.283706,-0.156003,0.113680,-0.607869,0.353261,0.222870,0.932904
0.160193,-0.355392,0.014705,0.128973,0.290860,0.052258,0.108939,0.337580,0.426796,0.285968,0.165066,0.086254,0.663592,-0.123854,-0.096225,-0.010296,-0.050827,-0.139450,-0.059703,-0.016967,-0.146996,-0.114088,-0.326069,0.086394,0.012811,0.156625,-0.022490,-0.072406,0.075766,0.036164,0.239932,0.038979,0.171371,0.258766,0.174368,0.284455,0.338378,0.169219,0.162081,-0.128225,0.257533,0.203229,0.092023,0.260986,0.115779,-0.221571,-0.021445,0.244559,-0.090717,0.182765,0.053892,0.333712,-0.232997,-0.291683,0.023421,-0.449837,0.167470,0.231859,0.522268,0.247248,0.138402,-0.012829,-0.013584,0.058841,-0.257810,-0.037889,-0.310000,0.028960,-0.199867,-0.020768,-0.318344,0.037142,-0.281542,-0.136529,-0.418202,-0.094267,-0.218261,-0.158832,-0.344549,-0.163425,-0.310970,-0.012341,0.201387,-0.180056,0.130580,0.345225,-0.035652,0.572355,0.389968,1.170245
-0.227162,0.218550,-0.253243,-0.052115,0.070791,0.046067,0.018984,-0.108113,-0.205389,0.392343,0.352829,0.125474,0.172967,0.318659,0.023277,0.108622,0.147222,0.317777,-0.054324,0.178463,-0.232101,-0.060447,-0.235036,-0.221405,-0.121698,0.171224,-0.011974,-0.431896,0.158805,-0.347266,0.085636,0.414711,-0.133880,0.056148,-0.120293,-0.145601,0.094060,-0.131832,0.087177,-0.045868,0.348551,0.019765,0.161105,-0.224341,0.024818,0.111080,0.140642,0.148647,0.090868,0.048793,-0.123351,0.156634,-0.288844,-0.200019,0.173234,0.248741,0.127851,0.097088,0.119801,0.808557,0.021748,-0.124752,0.116621,0.120599,-0.146723,0.305662,-0.289846,-0.363707,-0.094827,-0.102265,0.148531,0.322383,-0.701873,-0.309494,-0.499189,-0.319516,-0.195145,-0.423066,-0.074048,-0.324307,-0.255123,-0.283768,0.240848,-0.100010,-0.035356,0.233882,-0.030510,0.763206,0.156062,0.786678
-0.000452,-0.072964,-0.529448,-0.423534,-0.080653,0.279928,0.221765,0.126646,0.233027,0.103223,0.257521,0.523532,0.827623,-0.029904,0.283257,-0.288501,-0.420645,0.587239,0.131626,0.079241,0.127790,-0.155581,-0.035280,0.002608,-0.009591,0.107486,0.120890,0.389186,0.126315,0.611408,0.225886,0.371634,0.178667,-0.374873,-0.227600,-0.167104,-0.209572,-0.031658,-0.189925,-0.112457,0.403894,-0.255535,-0.026006,-0.060146,0.127472,-0.287930,-0.239742,0.174878,-0.340960,0.097387,-0.348162,0.166302,-0.318801,-0.013297,-0.224428,-0.146785,0.034473,0.023586,0.165625,0.369949,0.339181,0.277051,0.356827,0.377870,0.074431,0.111181,0.260003,0.232660,0.167229,0.264527,0.207839,0.314741,-0.540333,-0.289670,-0.133651,-0.065459,-0.245635,-0.343462,-0.108626,-0.119405,-0.373833,-0.318536,0.706806,-0.135024,0.253214,0.098629,0.289226,0.627247,0.629101,0.994638
-0.107609,-0.188810,-0.049715,-0.019376,0.094918,0.335694,-0.182219,0.164167,0.070811,0.801940,0.540299,-0.126322,-0.089821,0.023629,0.032770,0.148236,0.105551,0.079012,0.540834,0.223543,0.062879,0.353837,-0.342837,0.037607,0.188440,0.008967,-0.076937,0.062093,-0.198668,0.676539,0.426264,0.087679,-0.062524,0.125422,-0.000024,0.000232,-0.006273,-0.079344,0.275032,-0.104811,-0.058458,0.438046,0.305875,-0.086137,0.065762,-0.058788,0.294098,-0.086905,-0.105631,0.135958,0.194841,0.780451,-0.579562,-0.598533,-0.128575,-0.393618,0.056165,0.082681,-0.124241,0.715285,0.036011,0.359790,0.361967,0.154771,-0.256403,0.380346,-0.282546,-0.295697,-0.124888,-0.235381,-0.009720,0.036153,-0.610091,-0.170109,-0.424566,0.250193,-0.165819,0.119001,0.131230,0.419416,-0.115631,0.398747,0.365998,0.095025,-0.204426,0.366461,0.024507,0.355080,0.089309,1.205457
0.577654,0.327002,0.100950,0.425093,0.174742,0.056964,0.479926,0.464905,0.369175,0.889553,0.839848,0.569284,0.302405,0.301326,0.328584,0.229453,0.026841,0.284551,-0.176430,-0.294079,-0.371998,-0.078263,-0.176147,-0.352697,-0.094168,-0.192021,-0.649134,-0.153536,-0.029007,0.480071,0.157801,-0.181224,-0.223244,0.127605,-0.226087,-0.009234,0.130191,-0.044321,0.249286,0.430054,0.328459,0.206615,0.200392,0.021649,0.091448,0.045592,0.110996,0.502603,0.194268,0.369475,0.388233,0.557702,0.338134,0.398956,0.347495,0.583939,0.921501,0.093755,0.170496,0.824812,0.161528,-0.419109,-0.351507,-0.691195,-0.105569,-0.275761,-0.377021,-0.589980,-0.113436,-0.303226,-0.300134,-0.703512,0.154756,0.369486,0.329876,0.553371,0.663823,0.351329,0.344567,0.026428,0.641842,0.547633,0.086171,0.483303,0.014421,-0.148093,0.256919,0.259918,0.407502,1.136446
0.562456,0.405142,-0.023668,0.350327,0.037673,0.136998,0.033311,0.536922,0.629832,0.791585,0.651371,0.824769,1.148379,0.197551,0.483259,0.491924,0.166594,0.465840,-0.227190,0.119368,-0.326760,-0.201005,-0.355494,-0.220284,0.135339,0.257800,-0.424295,0.641812,0.687013,0.391179,0.221799,0.862228,0.330367,0.528223,0.418368,0.718666,0.538768,0.497821,0.224295,0.427970,0.379972,0.522776,0.216049,0.338528,0.710089,0.499272,0.424038,0.415756,0.262768,0.412151,0.480019,0.986336,0.483160,0.512495,0.339572,0.243645,0.890485,0.703803,1.082252,1.640674,0.739431,-0.166364,-0.026014,-0.293613,-0.113971,-0.402120,-0.129623,-0.504978,-0.222214,-0.182966,-0.234121,-0.013798,0.558625,0.248225,0.949547,0.462873,0.306644,0.214009,0.581166,0.650721,-0.031703,0.275388,0.553386,0.030230,0.225524,0.202482,0.386073,0.739980,0.074690,0.527232
0.146213,0.519485,0.313306,0.008674,0.180247,0.047225,0.167180,0.429258,0.382854,1.150718,0.750830,0.481644,0.484022,0.554872,0.306688,0.135815,0.201100,0.238870,-0.446631,-0.341315,-0.380786,-0.244086,-0.459041,0.045152,-0.602265,0.027782,-0.459160,0.598324,0.141422,0.812635,0.220031,0.513102,0.108631,0.459503,0.261871,0.163086,0.847863,0.389987,0.706241,0.730928,1.092010,0.294857,0.549942,0.221585,0.100369,0.703202,0.432889,0.980890,0.092906,0.662522,0.317847,0.326823,0.286456,0.317695,0.547163,0.161126,0.196394,0.246663,0.405843,0.754603,0.640035,-0.408110,0.097567,-0.335546,-0.354484,-0.035691,-0.194129,-0.178337,-0.321334,-0.104505,-0.164217,0.136702,0.415278,0.387132,0.484643,0.450642,0.595796,0.792564,0.764017,0.722197,0.250954,0.537521,0.993836,-0.121281,0.211258,0.293211,0.310312,0.807287,0.210792,0.542231
-0.006662,0.215693,0.341479,0.004104,0.194663,0.174868,0.109672,0.498337,0.419228,0.908484,0.758773,0.450710,0.747823,0.507191,0.352117,-0.013500,0.254547,0.210598,-0.160189,0.187148,-0.373668,0.125329,-0.321913,-0.251932,-0.195153,-0.165710,-0.398999,0.042206,0.334428,0.510667,0.224902,0.399981,0.398950,0.597441,0.222519,0.320954,0.543193,0.091353,0.017667,0.254763,0.533468,0.648932,0.146575,0.166350,-0.084918,0.204299,-0.247215,0.086487,0.204135,0.491474,0.361529,0.677753,0.187222,0.196819,0.403324,0.491570,1.013821,0.435542,0.457061,0.952875,0.312735,-0.472869,-0.078192,-0.180473,-0.914303,-0.027286,-0.506766,-0.062622,-0.733523,-0.476819,-0.228899,-0.130828,0.015692,0.243183,0.056330,0.530045,0.207152,0.519689,0.491270,0.497645,0.384423,0.524189,0.619342,0.001927,0.488470,-0.011475,0.175096,0.306174,0.514444,0.762070
0.421053,-0.003866,-0.231736,0.311104,0.240826,0.355359,0.420564,0.772322,0.855101,0.192181,0.306681,0.854136,1.305611,-0.029965,0.402589,0.487404,-0.138381,0.300983,-0.511510,-0.186570,-0.234777,-0.282572,-0.303738,-0.251243,-0.201364,-0.188437,-0.305426,0.081763,-0.364547,0.991082,0.095563,-0.057708,-0.376327,0.677878,0.269970,-0.052243,0.694053,0.059724,0.408170,0.112606,0.269374,0.486441,0.258604,-0.221793,0.322738,-0.019953,0.270727,0.765651,-0.049502,0.250929,-0.312985,-0.085409,-0.273849,-0.228093,-0.203040,-0.375988,0.056680,0.116990,0.203057,0.941464,0.297405,-0.568598,-0.613578,0.176874,-0.328015,-0.674532,-0.696767,-0.476055,-0.418355,-0.615846,-0.430903,0.293708,0.194979,0.521145,0.120777,0.689826,0.520797,0.742737,0.320741,0.761954,0.604004,0.523732,0.600789,0.332449,0.546287,-0.018972,0.427765,0.403293,0.000131,0.905218
0.731248,0.342522,0.329584,0.387264,0.649676,0.278186,-0.086703,0.603656,0.571440,0.510173,0.600521,0.407801,0.396664,0.237147,0.469672,0.165344,0.067677,-0.206640,-0.001218,-0.324910,-0.162834,-0.170514,0.119021,0.320454,-0.352218,-0.121071,0.174679,0.707718,0.490351,0.723964,0.425438,0.519746,0.556571,0.262275,-0.127078,0.124249,0.453342,0.248306,0.365268,0.586449,0.408563,0.373179,0.515764,0.282605,0.506676,0.219684,0.399545,0.231096,0.232290,0.373056,0.529783,0.545707,0.310906,0.248292,0.604109,0.622434,0.686019,0.391212,0.539763,1.138460,0.658809,-0.541548,-0.611392,-0.107518,-0.631103,-0.415163,-0.523517,-0.006974,-0.145596,-0.206395,-0.079413,-0.057619,0.374157,0.392496,0.193716,0.288241,0.118624,0.627171,0.701665,0.453788,0.566510,0.441591,0.732855,-0.194536,0.210634,-0.340015,0.397033,0.648902,0.572762,1.108638
0.300287,0.258423,0.404697,0.405530,0.159070,0.388271,0.426569,0.446524,0.933562,0.602455,0.585562,0.708163,1.150611,0.379167,0.556032,0.578870,0.424467,0.674049,-0.254121,0.088794,-0.655015,-0.064735,-0.353952,-0.217475,-0.014415,0.052045,-0.217397,0.937476,0.523235,0.960755,0.266475,0.886019,0.224965,0.528239,0.338632,0.749623,0.954508,0.433519,0.430546,0.755736,0.794788,1.009670,0.320480,0.911542,0.439754,0.131483,0.041116,0.383073,-0.018357,0.477908,0.181915,0.741482,0.201690,0.173004,0.124166,0.235626,0.310246,0.839479,0.727654,1.007395,0.852520,-0.017167,-0.185897,-0.283457,-0.259853,0.036663,-0.438655,-0.145684,-0.177629,-0.376950,-0.058599,0.100865,0.911524,1.014452,0.958735,0.855972,0.549113,1.235371,0.918706,0.891730,0.681698,0.893581,0.519102,-0.208025,-0.069852,-0.193287,0.256753,0.963435,0.820697,1.357662
0.125183,0.095218,0.305131,0.488282,0.008840,0.367437,-0.015202,0.237147,0.391901,0.561439,0.092133,0.382461,0.597870,0.526289,-0.019728,0.128199,0.558180,0.505718,0.075541,-0.248126,-0.127412,0.052753,-0.285097,-0.306823,-0.053211,0.179492,-0.291414,0.583081,0.436450,0.588259,0.243226,0.541685,0.431274,0.479189,0.320849,0.714569,0.248045,0.131198,0.008767,-0.307807,-0.186453,0.197531,0.115083,0.545812,-0.065891,-0.403943,-0.332703,-0.051162,0.321334,0.231130,0.438669,0.541509,0.286838,-0.229218,-0.107534,0.555680,0.634093,0.524748,0.699236,0.626438,0.131935,-0.221205,-0.154115,-0.215243,-0.377759,-0.178188,-0.313417,-0.527493,-0.362445,-0.343198,-0.391692,-0.503778,0.238163,0.437837,-0.141731,0.471719,0.305373,0.270995,0.137393,0.308955,0.218582,0.315327,0.371145,-0.512216,-0.048540,0.057988,0.196071,0.671854,0.418750,0.929837
0.578032,0.422405,0.377703,0.213056,0.721113,0.354830,0.426184,0.171412,0.000386,1.035122,0.684113,0.539018,0.350566,0.966298,0.665288,0.375617,0.740347,0.092988,-0.217977,0.056081,-0.287074,0.116359,-0.598320,-0.340712,-0.245774,-0.035653,-0.329751,0.943537,0.677969,0.814237,0.665273,0.806300,0.390696,0.232133,0.095691,0.172626,0.576413,-0.149837,0.546968,0.084384,0.153014,0.561088,0.332148,-0.074511,-0.111340,0.161719,0.542365,0.297324,0.451862,0.297526,0.585732,0.527297,0.331166,0.515341,0.527075,0.084430,0.240094,0.341543,0.347470,1.001381,0.278122,0.247797,0.074277,0.017685,-0.191103,0.025299,-0.331113,-0.207513,-0.081779,-0.200420,0.103947,0.061070,0.172788,0.159044,0.388154,0.416805,0.202534,-0.272916,0.627079,0.062501,0.090621,0.002656,0.759448,0.085387,-0.184808,0.112542,-0.455729,0.831276,0.656961,1.268938
0.371386,0.324746,0.573625,0.611707,0.664827,0.870680,0.864663,0.620079,0.444250,0.827961,0.844160,1.088776,0.912528,0.519594,0.411281,0.335320,0.312100,0.864787,-0.012861,-0.029498,-0.256196,0.182490,0.029732,0.045182,-0.264125,-0.077719,-0.178086,0.631121,0.475210,0.501243,0.127920,0.465648,0.728829,0.401925,0.460802,0.845448,0.602492,-0.069494,0.596537,0.350520,0.721990,0.630332,0.704170,0.300712,0.372636,0.446297,0.268014,-0.011010,0.407705,0.440986,0.674534,0.797003,0.880102,0.641690,0.620939,1.088364,0.916738,0.286906,0.507558,1.287885,0.293757,-0.069633,-0.062771,0.031692,-0.147448,-0.210887,-0.115795,-0.233104,-0.225020,-0.135815,-0.168250,-0.005517,0.565023,0.603481,0.586788,0.703831,0.253514,0.206364,0.783885,0.280778,0.235538,0.028309,0.614723,-0.083550,0.337659,0.070276,0.050816,0.274508,0.017416,1.143824
-0.062510,-0.235576,-0.319971,-0.070093,-0.103437,0.228239,0.151825,0.141934,0.380011,0.255292,0.076630,0.145850,0.437579,0.142563,-0.115540,-0.306586,-0.024316,-0.005788,0.070737,-0.131867,-0.063979,0.472302,0.303493,0.153333,-0.138395,-0.266987,0.018144,0.395244,0.165023,0.511291,0.336452,0.193299,0.372393,-0.082288,-0.228227,-0.210021,0.188359,-0.076156,-0.176097,0.195603,0.058860,-0.001675,-0.179713,-0.170917,0.142388,0.246597,0.145225,0.932862,-0.368460,-0.435362,-0.062422,-0.089097,0.203773,-0.086379,0.056860,0.401971,0.581081,0.207855,0.589336,0.889740,0.395168,-0.244692,-0.051029,0.276661,-0.189889,-0.249714,-0.103626,-0.091428,-0.142432,0.042342,-0.212830,-0.044869,-0.000893,0.511632,-0.039331,0.372935,0.054974,0.420952,0.366294,0.734071,0.195357,0.300615,0.081283,-0.156746,-0.033112,-0.247800,-0.047666,0.420350,0.158928,1.024081
0.584591,0.540807,0.363699,0.835062,0.648336,0.464344,0.548005,0.177524,0.718716,0.856378,0.984143,0.391973,0.883654,0.451985,0.532692,0.174989,0.139168,0.392403,-0.063707,-0.126833,-0.260660,0.003912,-0.313866,-0.285579,-0.137273,0.019768,0.029398,0.156929,0.070591,0.342827,-0.219101,0.188591,-0.051112,0.421013,0.429617,0.451977,0.608025,0.474392,0.434837,0.612663,0.798941,0.624291,0.767101,0.328478,0.244675,0.336789,0.094181,0.871082,0.334803,0.357202,0.286679,0.585944,0.256515,0.311599,0.373516,0.214685,0.500580,0.797347,0.765446,0.949488,1.137274,-0.348629,-0.203881,-0.140440,-0.277809,-0.070892,-0.182222,-0.117467,-0.330483,-0.234401,-0.307886,-0.333454,0.500682,0.161207,0.499988,0.209267,0.400785,0.124393,0.485161,0.255256,0.471055,0.310696,0.775569,0.239310,-0.107484,0.065918,-0.142609,0.825111,0.675613,0.750987
0.555225,0.240456,-0.001125,0.465815,-0.001977,0.604535,0.334632,0.455083,0.483239,0.519012,0.417297,0.942568,1.042627,0.780918,0.592736,0.460984,0.317758,0.645932,-0.414866,-0.302759,-0.550739,-0.536062,-0.281272,-0.075956,-0.452803,-0.246208,-0.488111,0.380314,0.086622,0.659282,0.214345,0.379977,-0.017111,0.025385,0.184684,0.274053,0.052818,0.133290,0.251791,0.208774,0.472251,0.127345,0.659828,0.116137,0.246501,0.325852,0.041409,0.464935,0.040132,0.011560,-0.022320,0.061670,0.001596,-0.148492,0.104830,0.085220,0.861124,0.144177,0.801947,0.895218,0.273165,-0.201551,-0.103230,-0.120121,-0.487531,-0.273142,-0.580063,-0.763521,-0.363272,-0.388399,-0.320807,0.193869,-0.162148,-0.134726,-0.186900,0.659563,0.364078,-0.134514,0.151728,0.454170,-0.053132,-0.123681,0.438551,-0.513655,0.293821,-0.095114,-0.146727,0.931270,0.701378,1.101313
0.238079,0.292164,0.282176,0.205607,0.110935,0.403506,-0.416368,-0.071973,0.157335,0.587406,0.583780,0.432100,1.134284,0.169412,0.280406,0.015778,-0.180779,0.293636,-0.201734,0.047515,-0.242791,-0.048218,-0.276324,-0.352500,-0.166939,0.201003,-0.198127,0.642548,0.117243,0.881533,0.473038,0.563195,0.515702,0.331788,0.494237,0.301001,0.198195,0.077286,0.097800,-0.040203,0.092115,0.020516,0.133733,0.131126,0.376745,-0.034063,-0.182867,0.405733,0.367046,0.401566,0.336352,0.425674,0.176701,0.165408,0.350308,0.435336,0.489349,-0.047797,0.673368,0.979379,0.105554,-0.455444,-0.236430,-0.137502,-0.257675,-0.365443,0.004952,-0.278998,-0.358540,-0.142999,-0.286823,-0.072786,0.248323,0.035705,0.102385,0.159960,0.381645,0.194411,0.345210,0.211542,0.127051,0.169799,0.059492,0.258360,0.341160,-0.224237,0.231422,0.787578,0.779987,1.200418
0.354766,0.354428,0.107520,-0.000134,0.459342,0.751684,0.233848,0.375806,0.495802,0.816915,0.762376,0.564417,1.126061,0.422812,0.307114,0.311653,0.343543,-0.021048,-0.390855,-0.150206,-0.388843,0.008365,-0.600751,-0.232243,-0.409244,0.010950,-0.152768,0.718241,0.546839,0.716652,0.920429,0.469489,0.283638,0.658057,0.451012,0.761656,0.825693,0.427187,0.772397,0.499133,0.743351,0.778368,0.816216,0.527938,0.145194,0.367031,0.629317,0.614024,0.675331,0.845794,0.558738,1.069288,0.332139,0.558312,0.783799,0.579938,0.779885,0.537605,0.775640,1.153454,0.721838,-0.352091,-0.105558,-0.476587,-0.490652,-0.109333,-0.274193,-0.466772,-0.195530,0.038516,-0.045624,-0.108740,0.242059,0.285604,0.293590,0.927173,0.490464,0.688121,0.468693,0.741391,0.499064,0.561158,0.824686,0.069410,0.479619,0.330128,0.207214,0.599162,0.475978,1.131537
0.244916,0.486598,0.150414,-0.135365,0.440311,0.020585,0.022012,0.415611,0.596721,0.931889,0.711623,0.918073,0.912377,0.963286,0.426554,-0.161126,0.565760,0.228819,-0.286703,-0.445948,-0.318023,-0.354561,-0.258414,-0.389281,-0.346246,-0.411751,-0.444864,0.583238,0.576373,1.048779,0.628868,0.604491,0.101542,0.512868,0.184350,0.201009,0.430978,0.440662,0.971596,0.545664,0.789400,0.370971,0.713460,0.426510,-0.022974,0.520467,0.412072,0.382854,0.248317,0.413626,0.087749,0.383138,0.105768,0.251180,0.288748,0.302875,0.580301,0.752278,0.837822,0.557009,0.689549,-0.332681,-0.581523,-0.236301,-0.242412,-0.381866,-0.416653,-0.199796,-0.565411,-0.637158,-0.614248,-0.206900,0.199920,0.388379,0.362150,0.463045,0.179983,0.303833,0.413132,0.609427,0.392583,0.552569,-0.014301,0.123925,-0.349144,0.199354,0.065537,0.846133,0.538413,0.934629
0.423514,0.023263,-0.304313,0.343360,0.198380,-0.137777,0.274566,0.501593,-0.036833,0.696030,0.455762,0.329150,0.681325,0.267365,-0.069151,-0.132389,-0.046807,0.142902,-0.091217,-0.282330,-0.597022,-0.156170,-0.401869,-0.412142,-0.363206,-0.179149,-0.444932,0.203294,0.285901,0.418704,-0.151596,0.361012,0.278534,-0.047486,0.275629,0.577340,0.254989,0.017477,0.267531,-0.028787,0.383024,0.040513,0.221543,-0.093905,-0.074423,0.151400,-0.071877,0.216196,0.298870,0.237821,0.110416,0.445723,-0.395931,-0.394917,-0.373657,-0.113300,0.619881,-0.049133,0.169689,0.754486,0.182655,-0.119235,0.082364,-0.660329,-0.348187,-0.094532,-0.043378,-0.562289,-0.236897,0.030020,-0.411604,-0.776931,-0.237379,-0.032123,-0.020569,0.512171,0.115145,0.207572,-0.030896,0.523273,-0.183650,0.329092,0.590396,0.061608,-0.139844,-0.611398,0.185443,0.604978,0.300475,0.735784
